uuid,status,ownerThatsVisibleOnApp,name,dueDate,business_name,business_id,dueDate_raw,due_date,due_date_repr,due_status,days_overdue,msg
rec19g6wlyikig40,IN_PROGRESS,3lwveSEYpnjkfTssmdym,Audit Google Ads and suggest next steps [Internal],2024-07-15T00:00:00.000Z,www.honacare.com,ooA2Yl5ZleoJk7GrSJHt,2024-07-15 00:00:00+00:00,2024-07-15,Jul 15,OVERDUE,10,"• <https://team.usekaya.com/tasks/rec19g6wlyikig40|Audit Google Ads and suggest next steps [Internal]>, due on Jul 15, 10 days ago"
rec19g6vlw7wj9ep,TO_DO,aWfUBt3cI7Ikd44xSuuk,Auto refresh audience via Hubspot,2024-05-17T23:00:00.000Z,Encord,G28ayyMdb3NpFTpmnDDx,2024-05-17 23:00:00+00:00,2024-05-17,May 17,OVERDUE,69,"• <https://team.usekaya.com/tasks/rec19g6vlw7wj9ep|Auto refresh audience via Hubspot>, due on May 17, 69 days ago"
rec19g613lr9ahb7x,TO_DO,c9jLXMjF6DPavaVZzz8M,Set up GTM and conversion tracking on app.encord.com,2024-01-14T14:12:43.997Z,Encord,G28ayyMdb3NpFTpmnDDx,2024-01-14 14:12:43.997000+00:00,2024-01-14,Jan 14,OVERDUE,193,"• <https://team.usekaya.com/tasks/rec19g613lr9ahb7x|Set up GTM and conversion tracking on app.encord.com>, due on Jan 14, 193 days ago"
rec19g6vlt5ibhwv,TO_DO,YCfiKXef6j5UhInjoTfB,Monthly report for February,2024-03-02T00:00:00.838Z,Kaya,eJFBvUCjrEYSVFB5Lppz,2024-03-02 00:00:00.838000+00:00,2024-03-02,Mar 02,OVERDUE,145,"• <https://team.usekaya.com/tasks/rec19g6vlt5ibhwv|Monthly report for February>, due on Mar 02, 145 days ago"
rec19g613lq9i34ek,TO_DO,HFvTveGfOjk4nb27qfHT,Delete data from Fivetran G Ads,2023-12-20T00:00:00.000Z,Kaya,eJFBvUCjrEYSVFB5Lppz,2023-12-20 00:00:00+00:00,2023-12-20,Dec 20,OVERDUE,218,"• <https://team.usekaya.com/tasks/rec19g613lq9i34ek|Delete data from Fivetran G Ads>, due on Dec 20, 218 days ago"
rec19g614lpmd5fk4,TO_DO,HFvTveGfOjk4nb27qfHT,Move all inbound/outbound payment contact to generic email,2023-12-04T08:29:06.706Z,Kaya,eJFBvUCjrEYSVFB5Lppz,2023-12-04 08:29:06.706000+00:00,2023-12-04,Dec 04,OVERDUE,234,"• <https://team.usekaya.com/tasks/rec19g614lpmd5fk4|Move all inbound/outbound payment contact to generic email>, due on Dec 04, 234 days ago"
rec19g614lpmd5fk4,TO_DO,r7WoPTktLxgCYED0pYeD,Move all inbound/outbound payment contact to generic email,2023-12-04T08:29:06.706Z,Kaya,eJFBvUCjrEYSVFB5Lppz,2023-12-04 08:29:06.706000+00:00,2023-12-04,Dec 04,OVERDUE,234,"• <https://team.usekaya.com/tasks/rec19g614lpmd5fk4|Move all inbound/outbound payment contact to generic email>, due on Dec 04, 234 days ago"
rec19g6ulxxd2bmj,TO_DO,aWfUBt3cI7Ikd44xSuuk,Optimise Display Images,2024-07-12T14:29:00.000Z,Encord,G28ayyMdb3NpFTpmnDDx,2024-07-12 14:29:00+00:00,2024-07-12,Jul 12,OVERDUE,13,"• <https://team.usekaya.com/tasks/rec19g6ulxxd2bmj|Optimise Display Images>, due on Jul 12, 13 days ago"
rec19g613lpgq4q27,TO_DO,HFvTveGfOjk4nb27qfHT,Fix duplicates in src_google_ads_airbyte__keyword_stats,2023-11-30T09:45:49.649Z,Kaya,eJFBvUCjrEYSVFB5Lppz,2023-11-30 09:45:49.649000+00:00,2023-11-30,Nov 30,OVERDUE,238,"• <https://team.usekaya.com/tasks/rec19g613lpgq4q27|Fix duplicates in src_google_ads_airbyte__keyword_stats>, due on Nov 30, 238 days ago"
rec19g613lohb98m0,IN_PROGRESS,r7WoPTktLxgCYED0pYeD,Billing for October 2023,2023-11-05T14:57:33.203Z,Kaya,eJFBvUCjrEYSVFB5Lppz,2023-11-05 14:57:33.203000+00:00,2023-11-05,Nov 05,OVERDUE,263,"• <https://team.usekaya.com/tasks/rec19g613lohb98m0|Billing for October 2023>, due on Nov 05, 263 days ago"
rec19g613lo4nyrqk,TO_DO,,Create proposal for Underdog,2023-10-25T14:00:00.000Z,Kaya,eJFBvUCjrEYSVFB5Lppz,2023-10-25 14:00:00+00:00,2023-10-25,Oct 25,OVERDUE,274,"• <https://team.usekaya.com/tasks/rec19g613lo4nyrqk|Create proposal for Underdog>, due on Oct 25, 274 days ago"
rec19g613lo1rj8q6,TO_DO,HFvTveGfOjk4nb27qfHT,test new task v4,2023-10-25T17:48:54.988Z,Kaya,eJFBvUCjrEYSVFB5Lppz,2023-10-25 17:48:54.988000+00:00,2023-10-25,Oct 25,OVERDUE,274,"• <https://team.usekaya.com/tasks/rec19g613lo1rj8q6|test new task v4>, due on Oct 25, 274 days ago"
rec19g615lo08k20g,TO_DO,,Create dashboard to track KPI for all clients,2023-10-24T16:09:48.999Z,Kaya,eJFBvUCjrEYSVFB5Lppz,2023-10-24 16:09:48.999000+00:00,2023-10-24,Oct 24,OVERDUE,275,"• <https://team.usekaya.com/tasks/rec19g615lo08k20g|Create dashboard to track KPI for all clients>, due on Oct 24, 275 days ago"
rec19g613lnvwv1sr,TO_DO,r7WoPTktLxgCYED0pYeD,Financial modelling - Oct 2023,2023-11-03T15:31:23.432Z,Kaya,eJFBvUCjrEYSVFB5Lppz,2023-11-03 15:31:23.432000+00:00,2023-11-03,Nov 03,OVERDUE,265,"• <https://team.usekaya.com/tasks/rec19g613lnvwv1sr|Financial modelling - Oct 2023>, due on Nov 03, 265 days ago"
rec19g613lnu47mhx,IN_PROGRESS,HFvTveGfOjk4nb27qfHT,Allow reply to task comment in Slack thread,2023-10-23T09:19:46.817Z,Kaya,eJFBvUCjrEYSVFB5Lppz,2023-10-23 09:19:46.817000+00:00,2023-10-23,Oct 23,OVERDUE,276,"• <https://team.usekaya.com/tasks/rec19g613lnu47mhx|Allow reply to task comment in Slack thread>, due on Oct 23, 276 days ago"
rec19g613lp9pmcyb,TO_DO,r7WoPTktLxgCYED0pYeD,Get Sleek to ask for deadline extension,2023-11-25T11:57:12.558Z,Kaya,eJFBvUCjrEYSVFB5Lppz,2023-11-25 11:57:12.558000+00:00,2023-11-25,Nov 25,OVERDUE,243,"• <https://team.usekaya.com/tasks/rec19g613lp9pmcyb|Get Sleek to ask for deadline extension>, due on Nov 25, 243 days ago"
rec19g6vlye3emyg,TO_DO,,Re-introduce single email input form on landing pages,2024-07-11T23:00:00.000Z,Encord,G28ayyMdb3NpFTpmnDDx,2024-07-11 23:00:00+00:00,2024-07-11,Jul 11,OVERDUE,14,"• <https://team.usekaya.com/tasks/rec19g6vlye3emyg|Re-introduce single email input form on landing pages>, due on Jul 11, 14 days ago"
rec19g6vluqifq9p,TO_DO,vz0sCWsESdgrwKE7KBoG,Create testimonial image - 8/Apr,2024-04-11T05:26:42.081Z,Thera,9ci8qDxUBVpydWx18vRZ,2024-04-11 05:26:42.081000+00:00,2024-04-11,Apr 11,OVERDUE,105,"• <https://team.usekaya.com/tasks/rec19g6vluqifq9p|Create testimonial image - 8/Apr>, due on Apr 11, 105 days ago"
rec19g6vlvj8r4qh,TO_DO,vz0sCWsESdgrwKE7KBoG,Monthly report for April,2024-05-02T00:00:00.200Z,Thera,9ci8qDxUBVpydWx18vRZ,2024-05-02 00:00:00.200000+00:00,2024-05-02,May 02,OVERDUE,84,"• <https://team.usekaya.com/tasks/rec19g6vlvj8r4qh|Monthly report for April>, due on May 02, 84 days ago"
rec19g6wlwq3y1a5,TO_DO,0GgKmc6CPLGKQUDSjnmv,Monthly report for May,2024-06-02T00:00:00.820Z,Rippling,82cutQRlx6gagQFMKjPa,2024-06-02 00:00:00.820000+00:00,2024-06-02,Jun 02,OVERDUE,53,"• <https://team.usekaya.com/tasks/rec19g6wlwq3y1a5|Monthly report for May>, due on Jun 02, 53 days ago"
rec19g6wlwq3y1a5,TO_DO,0p7CTN5yL9AyGnbiJ70K,Monthly report for May,2024-06-02T00:00:00.820Z,Rippling,82cutQRlx6gagQFMKjPa,2024-06-02 00:00:00.820000+00:00,2024-06-02,Jun 02,OVERDUE,53,"• <https://team.usekaya.com/tasks/rec19g6wlwq3y1a5|Monthly report for May>, due on Jun 02, 53 days ago"
rec19g6wlwq3y1a5,TO_DO,CWKnEZ0uIKaE38H04e2w,Monthly report for May,2024-06-02T00:00:00.820Z,Rippling,82cutQRlx6gagQFMKjPa,2024-06-02 00:00:00.820000+00:00,2024-06-02,Jun 02,OVERDUE,53,"• <https://team.usekaya.com/tasks/rec19g6wlwq3y1a5|Monthly report for May>, due on Jun 02, 53 days ago"
rec19g6vlw6ngj5w,TO_DO,CWKnEZ0uIKaE38H04e2w,Optimise Competitor campaign,2024-05-16T00:00:00.000Z,Rippling,82cutQRlx6gagQFMKjPa,2024-05-16 00:00:00+00:00,2024-05-16,May 16,OVERDUE,70,"• <https://team.usekaya.com/tasks/rec19g6vlw6ngj5w|Optimise Competitor campaign>, due on May 16, 70 days ago"
rec19g6ulw6ne1l3,TO_DO,CWKnEZ0uIKaE38H04e2w,Review CA Brand campaign,2024-05-17T17:09:23.178Z,Rippling,82cutQRlx6gagQFMKjPa,2024-05-17 17:09:23.178000+00:00,2024-05-17,May 17,OVERDUE,69,"• <https://team.usekaya.com/tasks/rec19g6ulw6ne1l3|Review CA Brand campaign>, due on May 17, 69 days ago"
rec19g6wlwq3y5t0,TO_DO,0p7CTN5yL9AyGnbiJ70K,Monthly report for May,2024-06-02T00:00:00.703Z,Handle,6j7gzJN1vwOzynzWNNQg,2024-06-02 00:00:00.703000+00:00,2024-06-02,Jun 02,OVERDUE,53,"• <https://team.usekaya.com/tasks/rec19g6wlwq3y5t0|Monthly report for May>, due on Jun 02, 53 days ago"
rec19g6wlwq3y5t0,TO_DO,a5InOOK9xUTZHWJKfkRG,Monthly report for May,2024-06-02T00:00:00.703Z,Handle,6j7gzJN1vwOzynzWNNQg,2024-06-02 00:00:00.703000+00:00,2024-06-02,Jun 02,OVERDUE,53,"• <https://team.usekaya.com/tasks/rec19g6wlwq3y5t0|Monthly report for May>, due on Jun 02, 53 days ago"
rec19g6ulvj8qsvj,TO_DO,a5InOOK9xUTZHWJKfkRG,Monthly report for April,2024-05-02T00:00:00.669Z,Handle,6j7gzJN1vwOzynzWNNQg,2024-05-02 00:00:00.669000+00:00,2024-05-02,May 02,OVERDUE,84,"• <https://team.usekaya.com/tasks/rec19g6ulvj8qsvj|Monthly report for April>, due on May 02, 84 days ago"
rec19g6vluay34vi,TO_DO,a5InOOK9xUTZHWJKfkRG,Monthly report for March,2024-04-02T00:00:00.100Z,Handle,6j7gzJN1vwOzynzWNNQg,2024-04-02 00:00:00.100000+00:00,2024-04-02,Apr 02,OVERDUE,114,"• <https://team.usekaya.com/tasks/rec19g6vluay34vi|Monthly report for March>, due on Apr 02, 114 days ago"
rec19g6vlt5ibd3e,TO_DO,a5InOOK9xUTZHWJKfkRG,Monthly report for February,2024-03-02T00:00:00.239Z,Handle,6j7gzJN1vwOzynzWNNQg,2024-03-02 00:00:00.239000+00:00,2024-03-02,Mar 02,OVERDUE,145,"• <https://team.usekaya.com/tasks/rec19g6vlt5ibd3e|Monthly report for February>, due on Mar 02, 145 days ago"
rec19g6ulrx7oj36,TO_DO,a5InOOK9xUTZHWJKfkRG,Monthly report for January,2024-02-02T00:00:00.364Z,Handle,6j7gzJN1vwOzynzWNNQg,2024-02-02 00:00:00.364000+00:00,2024-02-02,Feb 02,OVERDUE,174,"• <https://team.usekaya.com/tasks/rec19g6ulrx7oj36|Monthly report for January>, due on Feb 02, 174 days ago"
rec19g613lqox0zlo,TO_DO,a5InOOK9xUTZHWJKfkRG,Monthly report for December,2024-01-02T00:00:00.401Z,Handle,6j7gzJN1vwOzynzWNNQg,2024-01-02 00:00:00.401000+00:00,2024-01-02,Jan 02,OVERDUE,205,"• <https://team.usekaya.com/tasks/rec19g613lqox0zlo|Monthly report for December>, due on Jan 02, 205 days ago"
rec19g6wlwq3y0qr,TO_DO,CWKnEZ0uIKaE38H04e2w,Monthly report for May,2024-06-02T00:00:00.056Z,Thera,9ci8qDxUBVpydWx18vRZ,2024-06-02 00:00:00.056000+00:00,2024-06-02,Jun 02,OVERDUE,53,"• <https://team.usekaya.com/tasks/rec19g6wlwq3y0qr|Monthly report for May>, due on Jun 02, 53 days ago"
rec19g6wlwq3y0qr,TO_DO,vz0sCWsESdgrwKE7KBoG,Monthly report for May,2024-06-02T00:00:00.056Z,Thera,9ci8qDxUBVpydWx18vRZ,2024-06-02 00:00:00.056000+00:00,2024-06-02,Jun 02,OVERDUE,53,"• <https://team.usekaya.com/tasks/rec19g6wlwq3y0qr|Monthly report for May>, due on Jun 02, 53 days ago"
rec19g6vlvj8r4qh,TO_DO,CWKnEZ0uIKaE38H04e2w,Monthly report for April,2024-05-02T00:00:00.200Z,Thera,9ci8qDxUBVpydWx18vRZ,2024-05-02 00:00:00.200000+00:00,2024-05-02,May 02,OVERDUE,84,"• <https://team.usekaya.com/tasks/rec19g6vlvj8r4qh|Monthly report for April>, due on May 02, 84 days ago"
rec19g613lndapqwf,TO_DO,r7WoPTktLxgCYED0pYeD,Send PERKESO form,2023-11-03T14:51:36.173Z,Kaya,eJFBvUCjrEYSVFB5Lppz,2023-11-03 14:51:36.173000+00:00,2023-11-03,Nov 03,OVERDUE,265,"• <https://team.usekaya.com/tasks/rec19g613lndapqwf|Send PERKESO form>, due on Nov 03, 265 days ago"
rec19g613ln1op69k,TO_DO,HFvTveGfOjk4nb27qfHT,Airbyte resync,2023-09-30T11:48:16.907Z,Kaya,eJFBvUCjrEYSVFB5Lppz,2023-09-30 11:48:16.907000+00:00,2023-09-30,Sep 30,OVERDUE,299,"• <https://team.usekaya.com/tasks/rec19g613ln1op69k|Airbyte resync>, due on Sep 30, 299 days ago"
rec19g613lmyvfyd9,TO_DO,r7WoPTktLxgCYED0pYeD,Update playbook,2023-11-05T12:35:11.971Z,Kaya,eJFBvUCjrEYSVFB5Lppz,2023-11-05 12:35:11.971000+00:00,2023-11-05,Nov 05,OVERDUE,263,"• <https://team.usekaya.com/tasks/rec19g613lmyvfyd9|Update playbook>, due on Nov 05, 263 days ago"
rec19g612lmp0s8no,TO_DO,r7WoPTktLxgCYED0pYeD,VAT registration: Send info to Sleek,2023-11-03T15:07:08.501Z,Kaya,eJFBvUCjrEYSVFB5Lppz,2023-11-03 15:07:08.501000+00:00,2023-11-03,Nov 03,OVERDUE,265,"• <https://team.usekaya.com/tasks/rec19g612lmp0s8no|VAT registration: Send info to Sleek>, due on Nov 03, 265 days ago"
rechpkuv2bslbnv3km1,TO_DO,HFvTveGfOjk4nb27qfHT,Fella - Add aggregate_by to Fella dashboards,2022-12-24T00:00:00.000Z,Fella,H7LfqWsJcmC4sBXtXws0,2022-12-24 00:00:00+00:00,2022-12-24,Dec 24,OVERDUE,579,"• <https://team.usekaya.com/tasks/rechpkuv2bslbnv3km1|Fella - Add aggregate_by to Fella dashboards>, due on Dec 24, 579 days ago"
rec19ojzh2ahlb140b9i,TO_DO,HFvTveGfOjk4nb27qfHT,Fella - Add CAC calculation to app,2022-12-09T15:59:59.999Z,Fella,H7LfqWsJcmC4sBXtXws0,2022-12-09 15:59:59.999000+00:00,2022-12-09,Dec 09,OVERDUE,594,"• <https://team.usekaya.com/tasks/rec19ojzh2ahlb140b9i|Fella - Add CAC calculation to app>, due on Dec 09, 594 days ago"
rec19g6vluay3mf0,TO_DO,,Monthly report for March,2024-04-02T00:00:00.514Z,Wyndly,hwzz5EEgrkx8Sh9ulXee,2024-04-02 00:00:00.514000+00:00,2024-04-02,Apr 02,OVERDUE,114,"• <https://team.usekaya.com/tasks/rec19g6vluay3mf0|Monthly report for March>, due on Apr 02, 114 days ago"
rec19g6vluay3m3y,TO_DO,,Monthly report for March,2024-04-02T00:00:00.987Z,Wyndly,hwzz5EEgrkx8Sh9ulXee,2024-04-02 00:00:00.987000+00:00,2024-04-02,Apr 02,OVERDUE,114,"• <https://team.usekaya.com/tasks/rec19g6vluay3m3y|Monthly report for March>, due on Apr 02, 114 days ago"
rec19g6wlt5ibiov,TO_DO,,Monthly report for February,2024-03-02T00:00:00.846Z,Wyndly,hwzz5EEgrkx8Sh9ulXee,2024-03-02 00:00:00.846000+00:00,2024-03-02,Mar 02,OVERDUE,145,"• <https://team.usekaya.com/tasks/rec19g6wlt5ibiov|Monthly report for February>, due on Mar 02, 145 days ago"
rec19g6vlt5ibidi,TO_DO,,Monthly report for February,2024-03-02T00:00:00.450Z,Wyndly,hwzz5EEgrkx8Sh9ulXee,2024-03-02 00:00:00.450000+00:00,2024-03-02,Mar 02,OVERDUE,145,"• <https://team.usekaya.com/tasks/rec19g6vlt5ibidi|Monthly report for February>, due on Mar 02, 145 days ago"
rec19g6ulrx7o9p7,TO_DO,,Monthly report for January,2024-02-02T00:00:00.083Z,Wyndly,hwzz5EEgrkx8Sh9ulXee,2024-02-02 00:00:00.083000+00:00,2024-02-02,Feb 02,OVERDUE,174,"• <https://team.usekaya.com/tasks/rec19g6ulrx7o9p7|Monthly report for January>, due on Feb 02, 174 days ago"
rec19g6vlrx7o9aq,TO_DO,,Monthly report for January,2024-02-02T00:00:00.663Z,Wyndly,hwzz5EEgrkx8Sh9ulXee,2024-02-02 00:00:00.663000+00:00,2024-02-02,Feb 02,OVERDUE,174,"• <https://team.usekaya.com/tasks/rec19g6vlrx7o9aq|Monthly report for January>, due on Feb 02, 174 days ago"
rec18yf8298lal8owku,TO_DO,HFvTveGfOjk4nb27qfHT,Wyndly - Paid Ads dashboard,2022-02-04T00:00:00.000Z,Wyndly,hwzz5EEgrkx8Sh9ulXee,2022-02-04 00:00:00+00:00,2022-02-04,Feb 04,OVERDUE,902,"• <https://team.usekaya.com/tasks/rec18yf8298lal8owku|Wyndly - Paid Ads dashboard>, due on Feb 04, 902 days ago"
rec19g6wlypn4cjn,TO_DO,0GgKmc6CPLGKQUDSjnmv,Setup Webinar Lead Generation Campaign,2024-07-20T00:00:00.000Z,MyEdSpace,no2DKxHGYQshKxZAJxmj,2024-07-20 00:00:00+00:00,2024-07-20,Jul 20,OVERDUE,5,"• <https://team.usekaya.com/tasks/rec19g6wlypn4cjn|Setup Webinar Lead Generation Campaign>, due on Jul 20, 5 days ago"
rec19g6wlypn4cjn,TO_DO,HFvTveGfOjk4nb27qfHT,Setup Webinar Lead Generation Campaign,2024-07-20T00:00:00.000Z,MyEdSpace,no2DKxHGYQshKxZAJxmj,2024-07-20 00:00:00+00:00,2024-07-20,Jul 20,OVERDUE,5,"• <https://team.usekaya.com/tasks/rec19g6wlypn4cjn|Setup Webinar Lead Generation Campaign>, due on Jul 20, 5 days ago"
rec19g6vlybjxo3i,TO_DO,,Provide brand guidelines,2024-07-14T00:00:00.000Z,MyEdSpace,no2DKxHGYQshKxZAJxmj,2024-07-14 00:00:00+00:00,2024-07-14,Jul 14,OVERDUE,11,"• <https://team.usekaya.com/tasks/rec19g6vlybjxo3i|Provide brand guidelines>, due on Jul 14, 11 days ago"
rec19g6vlxyelibr,TO_DO,a5InOOK9xUTZHWJKfkRG,Monthly report for June,2024-07-02T00:00:00.813Z,MyEdSpace,no2DKxHGYQshKxZAJxmj,2024-07-02 00:00:00.813000+00:00,2024-07-02,Jul 02,OVERDUE,23,"• <https://team.usekaya.com/tasks/rec19g6vlxyelibr|Monthly report for June>, due on Jul 02, 23 days ago"
rec19g6vlxyelibr,TO_DO,oHGsDp3AfBiB61yfmCBt,Monthly report for June,2024-07-02T00:00:00.813Z,MyEdSpace,no2DKxHGYQshKxZAJxmj,2024-07-02 00:00:00.813000+00:00,2024-07-02,Jul 02,OVERDUE,23,"• <https://team.usekaya.com/tasks/rec19g6vlxyelibr|Monthly report for June>, due on Jul 02, 23 days ago"
rec19g6vlxyelibr,TO_DO,qGlRiZCE0CCZ22bCa0k2,Monthly report for June,2024-07-02T00:00:00.813Z,MyEdSpace,no2DKxHGYQshKxZAJxmj,2024-07-02 00:00:00.813000+00:00,2024-07-02,Jul 02,OVERDUE,23,"• <https://team.usekaya.com/tasks/rec19g6vlxyelibr|Monthly report for June>, due on Jul 02, 23 days ago"
rec1fh2l236ldeuhl4p,TO_DO,HFvTveGfOjk4nb27qfHT,Fella - Add target spend vs actual report,2023-01-01T00:00:00.000Z,Fella,H7LfqWsJcmC4sBXtXws0,2023-01-01 00:00:00+00:00,2023-01-01,Jan 01,OVERDUE,571,"• <https://team.usekaya.com/tasks/rec1fh2l236ldeuhl4p|Fella - Add target spend vs actual report>, due on Jan 01, 571 days ago"
rec19g6vlxvlx62j,TO_DO,KZsiloeuo2aXx0OGL1Sr,UK: Review performance,2024-06-29T09:02:11.725Z,Rippling,82cutQRlx6gagQFMKjPa,2024-06-29 09:02:11.725000+00:00,2024-06-29,Jun 29,OVERDUE,26,"• <https://team.usekaya.com/tasks/rec19g6vlxvlx62j|UK: Review performance>, due on Jun 29, 26 days ago"
reca8p14q28alh6hon91,TO_DO,HFvTveGfOjk4nb27qfHT,Fella - update fee exclusion method,2023-05-18T00:00:00.000Z,Fella,H7LfqWsJcmC4sBXtXws0,2023-05-18 00:00:00+00:00,2023-05-18,May 18,OVERDUE,434,"• <https://team.usekaya.com/tasks/reca8p14q28alh6hon91|Fella - update fee exclusion method>, due on May 18, 434 days ago"
rec19g6vlrx7okt6,TO_DO,,Monthly report for January,2024-02-02T00:00:00.366Z,Fella,H7LfqWsJcmC4sBXtXws0,2024-02-02 00:00:00.366000+00:00,2024-02-02,Feb 02,OVERDUE,174,"• <https://team.usekaya.com/tasks/rec19g6vlrx7okt6|Monthly report for January>, due on Feb 02, 174 days ago"
rec19g613lmowv1vf,TO_DO,r7WoPTktLxgCYED0pYeD,Rollout new contracts to marketers,2023-09-21T13:17:21.014Z,Kaya,eJFBvUCjrEYSVFB5Lppz,2023-09-21 13:17:21.014000+00:00,2023-09-21,Sep 21,OVERDUE,308,"• <https://team.usekaya.com/tasks/rec19g613lmowv1vf|Rollout new contracts to marketers>, due on Sep 21, 308 days ago"
rec19g613llpi8aqt,TO_DO,HFvTveGfOjk4nb27qfHT,snap aggregated account level stats,2023-08-27T18:34:58.622Z,Kaya,eJFBvUCjrEYSVFB5Lppz,2023-08-27 18:34:58.622000+00:00,2023-08-27,Aug 27,OVERDUE,333,"• <https://team.usekaya.com/tasks/rec19g613llpi8aqt|snap aggregated account level stats>, due on Aug 27, 333 days ago"
rec19g615liycr0tz,TO_DO,r7WoPTktLxgCYED0pYeD,Kaya - Finish off audit for Kaya group,2023-10-06T00:00:00.000Z,Kaya,eJFBvUCjrEYSVFB5Lppz,2023-10-06 00:00:00+00:00,2023-10-06,Oct 06,OVERDUE,293,"• <https://team.usekaya.com/tasks/rec19g615liycr0tz|Kaya - Finish off audit for Kaya group>, due on Oct 06, 293 days ago"
rec19g613li3mo3uq,TO_DO,HFvTveGfOjk4nb27qfHT,Kaya - upload how to vet marketing agency blog to website,2023-06-02T00:00:00.000Z,Kaya,eJFBvUCjrEYSVFB5Lppz,2023-06-02 00:00:00+00:00,2023-06-02,Jun 02,OVERDUE,419,"• <https://team.usekaya.com/tasks/rec19g613li3mo3uq|Kaya - upload how to vet marketing agency blog to website>, due on Jun 02, 419 days ago"
rec40ua0l271lfrd3t13,TO_DO,HFvTveGfOjk4nb27qfHT,Kaya - Sync campaigns from DB to Noloco,2023-03-31T00:00:00.000Z,Kaya,eJFBvUCjrEYSVFB5Lppz,2023-03-31 00:00:00+00:00,2023-03-31,Mar 31,OVERDUE,482,"• <https://team.usekaya.com/tasks/rec40ua0l271lfrd3t13|Kaya - Sync campaigns from DB to Noloco>, due on Mar 31, 482 days ago"
recc1fksv236ldft2w6g,TO_DO,HFvTveGfOjk4nb27qfHT,Kaya - Fix DBT errors,2023-02-04T00:00:00.000Z,Kaya,eJFBvUCjrEYSVFB5Lppz,2023-02-04 00:00:00+00:00,2023-02-04,Feb 04,OVERDUE,537,"• <https://team.usekaya.com/tasks/recc1fksv236ldft2w6g|Kaya - Fix DBT errors>, due on Feb 04, 537 days ago"
rec1nj222lcrgjf7z,IN_PROGRESS,HFvTveGfOjk4nb27qfHT,Remove churned users from DB,2023-01-01T00:00:00.000Z,Kaya,eJFBvUCjrEYSVFB5Lppz,2023-01-01 00:00:00+00:00,2023-01-01,Jan 01,OVERDUE,571,"• <https://team.usekaya.com/tasks/rec1nj222lcrgjf7z|Remove churned users from DB>, due on Jan 01, 571 days ago"
rece7e3b21wlcqml480,TO_DO,HFvTveGfOjk4nb27qfHT,Use start date for weekly updates,2023-08-08T00:00:00.000Z,Kaya,eJFBvUCjrEYSVFB5Lppz,2023-08-08 00:00:00+00:00,2023-08-08,Aug 08,OVERDUE,352,"• <https://team.usekaya.com/tasks/rece7e3b21wlcqml480|Use start date for weekly updates>, due on Aug 08, 352 days ago"
rec1c7h20jlc5xe3sn,IN_PROGRESS,HFvTveGfOjk4nb27qfHT,Set up Firebase Auth to send email from app.usekaya.com,2023-01-07T00:00:00.000Z,Kaya,eJFBvUCjrEYSVFB5Lppz,2023-01-07 00:00:00+00:00,2023-01-07,Jan 07,OVERDUE,565,"• <https://team.usekaya.com/tasks/rec1c7h20jlc5xe3sn|Set up Firebase Auth to send email from app.usekaya.com>, due on Jan 07, 565 days ago"
rec19g6vlxyelks6,TO_DO,,Monthly report for June,2024-07-02T00:00:00.112Z,Fella,H7LfqWsJcmC4sBXtXws0,2024-07-02 00:00:00.112000+00:00,2024-07-02,Jul 02,OVERDUE,23,"• <https://team.usekaya.com/tasks/rec19g6vlxyelks6|Monthly report for June>, due on Jul 02, 23 days ago"
rec19g6vlxyelkem,TO_DO,,Monthly report for June,2024-07-02T00:00:00.623Z,Fella,H7LfqWsJcmC4sBXtXws0,2024-07-02 00:00:00.623000+00:00,2024-07-02,Jul 02,OVERDUE,23,"• <https://team.usekaya.com/tasks/rec19g6vlxyelkem|Monthly report for June>, due on Jul 02, 23 days ago"
rec19g6vluay3na7,TO_DO,,Monthly report for March,2024-04-02T00:00:00.633Z,Fella,H7LfqWsJcmC4sBXtXws0,2024-04-02 00:00:00.633000+00:00,2024-04-02,Apr 02,OVERDUE,114,"• <https://team.usekaya.com/tasks/rec19g6vluay3na7|Monthly report for March>, due on Apr 02, 114 days ago"
rec19g6vlt5ibkw2,TO_DO,,Monthly report for February,2024-03-02T00:00:00.581Z,Fella,H7LfqWsJcmC4sBXtXws0,2024-03-02 00:00:00.581000+00:00,2024-03-02,Mar 02,OVERDUE,145,"• <https://team.usekaya.com/tasks/rec19g6vlt5ibkw2|Monthly report for February>, due on Mar 02, 145 days ago"
rec19g6vlt5ibkgx,TO_DO,,Monthly report for February,2024-03-02T00:00:00.956Z,Fella,H7LfqWsJcmC4sBXtXws0,2024-03-02 00:00:00.956000+00:00,2024-03-02,Mar 02,OVERDUE,145,"• <https://team.usekaya.com/tasks/rec19g6vlt5ibkgx|Monthly report for February>, due on Mar 02, 145 days ago"
rec19g6ulrx7ol4h,TO_DO,,Monthly report for January,2024-02-02T00:00:00.007Z,Fella,H7LfqWsJcmC4sBXtXws0,2024-02-02 00:00:00.007000+00:00,2024-02-02,Feb 02,OVERDUE,174,"• <https://team.usekaya.com/tasks/rec19g6ulrx7ol4h|Monthly report for January>, due on Feb 02, 174 days ago"
rec19g613lkv16b3e,TO_DO,HFvTveGfOjk4nb27qfHT,Investigate customer re-enrollment issue,2023-01-01T00:00:00.000Z,Fella,H7LfqWsJcmC4sBXtXws0,2023-01-01 00:00:00+00:00,2023-01-01,Jan 01,OVERDUE,571,"• <https://team.usekaya.com/tasks/rec19g613lkv16b3e|Investigate customer re-enrollment issue>, due on Jan 01, 571 days ago"
rec19g6vlyitw6hz,IN_PROGRESS,3lwveSEYpnjkfTssmdym,Audit Google Ads and suggest next steps [Internal],2024-07-15T00:00:00.000Z,Dailybot,WMMViNa0CiauqVUwsB60,2024-07-15 00:00:00+00:00,2024-07-15,Jul 15,OVERDUE,10,"• <https://team.usekaya.com/tasks/rec19g6vlyitw6hz|Audit Google Ads and suggest next steps [Internal]>, due on Jul 15, 10 days ago"
rec19g6vlxvlx62j,TO_DO,HFvTveGfOjk4nb27qfHT,UK: Review performance,2024-06-29T09:02:11.725Z,Rippling,82cutQRlx6gagQFMKjPa,2024-06-29 09:02:11.725000+00:00,2024-06-29,Jun 29,OVERDUE,26,"• <https://team.usekaya.com/tasks/rec19g6vlxvlx62j|UK: Review performance>, due on Jun 29, 26 days ago"
rec19g6vlxyeldd8,TO_DO,CWKnEZ0uIKaE38H04e2w,Monthly report for June,2024-07-02T00:00:00.512Z,Rippling,82cutQRlx6gagQFMKjPa,2024-07-02 00:00:00.512000+00:00,2024-07-02,Jul 02,OVERDUE,23,"• <https://team.usekaya.com/tasks/rec19g6vlxyeldd8|Monthly report for June>, due on Jul 02, 23 days ago"
rec19g6vlumkzg2s,TO_DO,ERKzSp9Vkqkc8ieHjXZE,Provide USP,2024-04-12T00:00:00.000Z,Dialect,7vlPzg4EINkb55XWAo8L,2024-04-12 00:00:00+00:00,2024-04-12,Apr 12,OVERDUE,104,"• <https://team.usekaya.com/tasks/rec19g6vlumkzg2s|Provide USP>, due on Apr 12, 104 days ago"
rec19g6vlyop90i7,TO_DO,ruRQ8GhYGxfOXho83efc,Optimise landing page,2024-07-22T23:00:00.000Z,rutterapi.com,OXrH0jjr1AxiNYRa3gE8,2024-07-22 23:00:00+00:00,2024-07-22,Jul 22,OVERDUE,3,"• <https://team.usekaya.com/tasks/rec19g6vlyop90i7|Optimise landing page>, due on Jul 22, 3 days ago"
rec19g6vlxczxm4m,TO_DO,HeglvsJGceg2P6Elbwb4,Provide LinkedIn Target Account List,2024-06-20T00:00:00.000Z,rutterapi.com,OXrH0jjr1AxiNYRa3gE8,2024-06-20 00:00:00+00:00,2024-06-20,Jun 20,OVERDUE,35,"• <https://team.usekaya.com/tasks/rec19g6vlxczxm4m|Provide LinkedIn Target Account List>, due on Jun 20, 35 days ago"
rec19g6vlxczxm4m,TO_DO,ruRQ8GhYGxfOXho83efc,Provide LinkedIn Target Account List,2024-06-20T00:00:00.000Z,rutterapi.com,OXrH0jjr1AxiNYRa3gE8,2024-06-20 00:00:00+00:00,2024-06-20,Jun 20,OVERDUE,35,"• <https://team.usekaya.com/tasks/rec19g6vlxczxm4m|Provide LinkedIn Target Account List>, due on Jun 20, 35 days ago"
rec19g6ulwq3yeyd,TO_DO,oHGsDp3AfBiB61yfmCBt,Monthly report for May,2024-06-02T00:00:00.567Z,rutterapi.com,OXrH0jjr1AxiNYRa3gE8,2024-06-02 00:00:00.567000+00:00,2024-06-02,Jun 02,OVERDUE,53,"• <https://team.usekaya.com/tasks/rec19g6ulwq3yeyd|Monthly report for May>, due on Jun 02, 53 days ago"
rec19g6vlvo4bsym,TO_DO,3xNsUFH38U9eRz8yt3Z5,Add more competitor ad groups,2024-05-03T00:00:00.000Z,rutterapi.com,OXrH0jjr1AxiNYRa3gE8,2024-05-03 00:00:00+00:00,2024-05-03,May 03,OVERDUE,83,"• <https://team.usekaya.com/tasks/rec19g6vlvo4bsym|Add more competitor ad groups>, due on May 03, 83 days ago"
rec19g6vlumpqxe1,TO_DO,ERKzSp9Vkqkc8ieHjXZE,Set up GTM on app.usedialect.com,2024-05-12T00:00:00.000Z,Dialect,7vlPzg4EINkb55XWAo8L,2024-05-12 00:00:00+00:00,2024-05-12,May 12,OVERDUE,74,"• <https://team.usekaya.com/tasks/rec19g6vlumpqxe1|Set up GTM on app.usedialect.com>, due on May 12, 74 days ago"
rec19g6vlv02lehh,TO_DO,ruRQ8GhYGxfOXho83efc,Provide USP,2024-05-03T00:00:00.000Z,rutterapi.com,OXrH0jjr1AxiNYRa3gE8,2024-05-03 00:00:00+00:00,2024-05-03,May 03,OVERDUE,83,"• <https://team.usekaya.com/tasks/rec19g6vlv02lehh|Provide USP>, due on May 03, 83 days ago"
rec19g6vltpqj8sn,TO_DO,2ig7DXVZV51KVlIJrrF9,Investigate Mixpanel discrepancy and add UTM properties to users,2024-03-18T00:00:00.000Z,Vault,OB47hfQnPSzJEWt184u1,2024-03-18 00:00:00+00:00,2024-03-18,Mar 18,OVERDUE,129,"• <https://team.usekaya.com/tasks/rec19g6vltpqj8sn|Investigate Mixpanel discrepancy and add UTM properties to users>, due on Mar 18, 129 days ago"
rec19g6vltddjn3w,TO_DO,2ig7DXVZV51KVlIJrrF9,Send Downstream Conversion Events to G & FB,2024-03-07T20:08:53.871Z,Vault,OB47hfQnPSzJEWt184u1,2024-03-07 20:08:53.871000+00:00,2024-03-07,Mar 07,OVERDUE,140,"• <https://team.usekaya.com/tasks/rec19g6vltddjn3w|Send Downstream Conversion Events to G & FB>, due on Mar 07, 140 days ago"
rec19g6vlxvm8ljl,TO_DO,,Suggest landing page improvements,2024-06-29T09:11:06.198Z,HomeBreeze,ilt9k0RMLXl6s610017Q,2024-06-29 09:11:06.198000+00:00,2024-06-29,Jun 29,OVERDUE,26,"• <https://team.usekaya.com/tasks/rec19g6vlxvm8ljl|Suggest landing page improvements>, due on Jun 29, 26 days ago"
rec19g6wlwq3y2tj,TO_DO,YDLmlaXD2eDrbvZqpNX1,Monthly report for May,2024-06-02T00:00:00.834Z,HomeBreeze,ilt9k0RMLXl6s610017Q,2024-06-02 00:00:00.834000+00:00,2024-06-02,Jun 02,OVERDUE,53,"• <https://team.usekaya.com/tasks/rec19g6wlwq3y2tj|Monthly report for May>, due on Jun 02, 53 days ago"
rec19g6ulwq3y2fy,TO_DO,YDLmlaXD2eDrbvZqpNX1,Monthly report for May,2024-06-02T00:00:00.439Z,HomeBreeze,ilt9k0RMLXl6s610017Q,2024-06-02 00:00:00.439000+00:00,2024-06-02,Jun 02,OVERDUE,53,"• <https://team.usekaya.com/tasks/rec19g6ulwq3y2fy|Monthly report for May>, due on Jun 02, 53 days ago"
rec19g6vlwhmvgii,TO_DO,HFvTveGfOjk4nb27qfHT,GSheet report,2024-06-30T09:40:20.573Z,HomeBreeze,ilt9k0RMLXl6s610017Q,2024-06-30 09:40:20.573000+00:00,2024-06-30,Jun 30,OVERDUE,25,"• <https://team.usekaya.com/tasks/rec19g6vlwhmvgii|GSheet report>, due on Jun 30, 25 days ago"
rec19g6ulx3bmoby,TO_DO,HFvTveGfOjk4nb27qfHT,Compare our internal attribution vs Vault's,2024-06-29T13:56:00.000Z,Vault,OB47hfQnPSzJEWt184u1,2024-06-29 13:56:00+00:00,2024-06-29,Jun 29,OVERDUE,26,"• <https://team.usekaya.com/tasks/rec19g6ulx3bmoby|Compare our internal attribution vs Vault's>, due on Jun 29, 26 days ago"
rec19g6vlvuld3ob,TO_DO,ERKzSp9Vkqkc8ieHjXZE,Create dedicated landing page for LoopIO & Responsive,2024-05-13T00:00:00.000Z,Dialect,7vlPzg4EINkb55XWAo8L,2024-05-13 00:00:00+00:00,2024-05-13,May 13,OVERDUE,73,"• <https://team.usekaya.com/tasks/rec19g6vlvuld3ob|Create dedicated landing page for LoopIO & Responsive>, due on May 13, 73 days ago"
rec19g6vlw0ehkuj,TO_DO,YDLmlaXD2eDrbvZqpNX1,Audit SEM,2024-05-15T00:00:00.000Z,Dialect,7vlPzg4EINkb55XWAo8L,2024-05-15 00:00:00+00:00,2024-05-15,May 15,OVERDUE,71,"• <https://team.usekaya.com/tasks/rec19g6vlw0ehkuj|Audit SEM>, due on May 15, 71 days ago"
rec19g6wlvmbo9c9,TO_DO,jK4MAUZ4URizpy2RrqBn,Install FB SDK for App Ads,2024-05-13T00:00:00.000Z,Genie,VMOLmNIuA5dmI1o50csC,2024-05-13 00:00:00+00:00,2024-05-13,May 13,OVERDUE,73,"• <https://team.usekaya.com/tasks/rec19g6wlvmbo9c9|Install FB SDK for App Ads>, due on May 13, 73 days ago"
rec19g6vlyfnrej9,IN_PROGRESS,HFvTveGfOjk4nb27qfHT,Set up dashboard and slackbot,2024-07-12T23:00:00.000Z,www.honacare.com,ooA2Yl5ZleoJk7GrSJHt,2024-07-12 23:00:00+00:00,2024-07-12,Jul 12,OVERDUE,13,"• <https://team.usekaya.com/tasks/rec19g6vlyfnrej9|Set up dashboard and slackbot>, due on Jul 12, 13 days ago"
rec19g6vlyixwmfy,TO_DO,0GgKmc6CPLGKQUDSjnmv,Setup GTM Conversion Tracking and Connect SF to Google Ads,2024-07-17T16:57:22.299Z,Instabug,y6F95PdDgNJ12UhKdnxq,2024-07-17 16:57:22.299000+00:00,2024-07-17,Jul 17,OVERDUE,8,"• <https://team.usekaya.com/tasks/rec19g6vlyixwmfy|Setup GTM Conversion Tracking and Connect SF to Google Ads>, due on Jul 17, 8 days ago"
rec19g6vlyixwmfy,TO_DO,AvKNmBY9IZ9nAj4fLhzy,Setup GTM Conversion Tracking and Connect SF to Google Ads,2024-07-17T16:57:22.299Z,Instabug,y6F95PdDgNJ12UhKdnxq,2024-07-17 16:57:22.299000+00:00,2024-07-17,Jul 17,OVERDUE,8,"• <https://team.usekaya.com/tasks/rec19g6vlyixwmfy|Setup GTM Conversion Tracking and Connect SF to Google Ads>, due on Jul 17, 8 days ago"
rec19g6vlyixwmfy,TO_DO,hg9AW9nNmpQYNz9ctMoY,Setup GTM Conversion Tracking and Connect SF to Google Ads,2024-07-17T16:57:22.299Z,Instabug,y6F95PdDgNJ12UhKdnxq,2024-07-17 16:57:22.299000+00:00,2024-07-17,Jul 17,OVERDUE,8,"• <https://team.usekaya.com/tasks/rec19g6vlyixwmfy|Setup GTM Conversion Tracking and Connect SF to Google Ads>, due on Jul 17, 8 days ago"
rec19g6vlws2calw,TO_DO,hg9AW9nNmpQYNz9ctMoY,Provide brand guidelines,2024-06-05T00:00:00.000Z,Instabug,y6F95PdDgNJ12UhKdnxq,2024-06-05 00:00:00+00:00,2024-06-05,Jun 05,OVERDUE,50,"• <https://team.usekaya.com/tasks/rec19g6vlws2calw|Provide brand guidelines>, due on Jun 05, 50 days ago"
rec19g6vlws2c6om,TO_DO,hg9AW9nNmpQYNz9ctMoY,Provide company's unique selling points (USP),2024-06-05T00:00:00.000Z,Instabug,y6F95PdDgNJ12UhKdnxq,2024-06-05 00:00:00+00:00,2024-06-05,Jun 05,OVERDUE,50,"• <https://team.usekaya.com/tasks/rec19g6vlws2c6om|Provide company's unique selling points (USP)>, due on Jun 05, 50 days ago"
rec19g6vly1taltq,TO_DO,HFvTveGfOjk4nb27qfHT,Create landing page,2024-07-07T23:00:00.000Z,clearlegal.com,27fBoMkhvV9Vo47x8jq1,2024-07-07 23:00:00+00:00,2024-07-07,Jul 07,OVERDUE,18,"• <https://team.usekaya.com/tasks/rec19g6vly1taltq|Create landing page>, due on Jul 07, 18 days ago"
rec19g6vlxxkkdrd,IN_PROGRESS,KZsiloeuo2aXx0OGL1Sr,Run awareness ads with existing Insights (blog),2024-07-01T00:00:00.000Z,www.walturn.com,qniQNuWBUjuDXPJbX19r,2024-07-01 00:00:00+00:00,2024-07-01,Jul 01,OVERDUE,24,"• <https://team.usekaya.com/tasks/rec19g6vlxxkkdrd|Run awareness ads with existing Insights (blog)>, due on Jul 01, 24 days ago"
rec19g6wlwueevwj,TO_DO,MEhfPR5BnMxv2p7QizHc,Provide LinkedIn Target Account List,2024-06-07T00:00:00.000Z,www.walturn.com,qniQNuWBUjuDXPJbX19r,2024-06-07 00:00:00+00:00,2024-06-07,Jun 07,OVERDUE,48,"• <https://team.usekaya.com/tasks/rec19g6wlwueevwj|Provide LinkedIn Target Account List>, due on Jun 07, 48 days ago"
rec19g6vlwueek10,TO_DO,MEhfPR5BnMxv2p7QizHc,Provide company's unique selling points (USP),2024-06-07T00:00:00.000Z,www.walturn.com,qniQNuWBUjuDXPJbX19r,2024-06-07 00:00:00+00:00,2024-06-07,Jun 07,OVERDUE,48,"• <https://team.usekaya.com/tasks/rec19g6vlwueek10|Provide company's unique selling points (USP)>, due on Jun 07, 48 days ago"
rec19g6vlxyelp1s,TO_DO,KZsiloeuo2aXx0OGL1Sr,Monthly report for June,2024-07-02T00:00:00.532Z,Genie,VMOLmNIuA5dmI1o50csC,2024-07-02 00:00:00.532000+00:00,2024-07-02,Jul 02,OVERDUE,23,"• <https://team.usekaya.com/tasks/rec19g6vlxyelp1s|Monthly report for June>, due on Jul 02, 23 days ago"
rec19g6vlxyelp1s,TO_DO,YDLmlaXD2eDrbvZqpNX1,Monthly report for June,2024-07-02T00:00:00.532Z,Genie,VMOLmNIuA5dmI1o50csC,2024-07-02 00:00:00.532000+00:00,2024-07-02,Jul 02,OVERDUE,23,"• <https://team.usekaya.com/tasks/rec19g6vlxyelp1s|Monthly report for June>, due on Jul 02, 23 days ago"
rec19g6ulwq3yazv,TO_DO,YDLmlaXD2eDrbvZqpNX1,Monthly report for May,2024-06-02T00:00:00.836Z,Genie,VMOLmNIuA5dmI1o50csC,2024-06-02 00:00:00.836000+00:00,2024-06-02,Jun 02,OVERDUE,53,"• <https://team.usekaya.com/tasks/rec19g6ulwq3yazv|Monthly report for May>, due on Jun 02, 53 days ago"
rec19g6vlwgcfc7q,TO_DO,jK4MAUZ4URizpy2RrqBn,Review new wave of Best Friends campaign,2024-05-23T23:00:00.000Z,Genie,VMOLmNIuA5dmI1o50csC,2024-05-23 23:00:00+00:00,2024-05-23,May 23,OVERDUE,63,"• <https://team.usekaya.com/tasks/rec19g6vlwgcfc7q|Review new wave of Best Friends campaign>, due on May 23, 63 days ago"
rec19g6vlvmbtc2g,TO_DO,jK4MAUZ4URizpy2RrqBn,Install G Ads App Conversion Tracking,2024-05-03T11:49:57.887Z,Genie,VMOLmNIuA5dmI1o50csC,2024-05-03 11:49:57.887000+00:00,2024-05-03,May 03,OVERDUE,83,"• <https://team.usekaya.com/tasks/rec19g6vlvmbtc2g|Install G Ads App Conversion Tracking>, due on May 03, 83 days ago"
rec19g6vlxyeldd8,TO_DO,KZsiloeuo2aXx0OGL1Sr,Monthly report for June,2024-07-02T00:00:00.512Z,Rippling,82cutQRlx6gagQFMKjPa,2024-07-02 00:00:00.512000+00:00,2024-07-02,Jul 02,OVERDUE,23,"• <https://team.usekaya.com/tasks/rec19g6vlxyeldd8|Monthly report for June>, due on Jul 02, 23 days ago"
rec19g6ulwq3y9dg,TO_DO,YDLmlaXD2eDrbvZqpNX1,Monthly report for May,2024-06-02T00:00:00.227Z,Flow Club,hy9NItDV3TI3jCm6PSKZ,2024-06-02 00:00:00.227000+00:00,2024-06-02,Jun 02,OVERDUE,53,"• <https://team.usekaya.com/tasks/rec19g6ulwq3y9dg|Monthly report for May>, due on Jun 02, 53 days ago"
rec19g6wly2sma2g,TO_DO,KZsiloeuo2aXx0OGL1Sr,Assess leads from Competitor campaign,2024-07-03T23:00:00.000Z,Flow Club,hy9NItDV3TI3jCm6PSKZ,2024-07-03 23:00:00+00:00,2024-07-03,Jul 03,OVERDUE,22,"• <https://team.usekaya.com/tasks/rec19g6wly2sma2g|Assess leads from Competitor campaign>, due on Jul 03, 22 days ago"
rec19g613loyb0722,TO_DO,ghewNOY3zxKiPmrLQCmz,Switch to Account Level Conversion Goal,2023-11-27T12:22:27.969Z,Flow Club,hy9NItDV3TI3jCm6PSKZ,2023-11-27 12:22:27.969000+00:00,2023-11-27,Nov 27,OVERDUE,241,"• <https://team.usekaya.com/tasks/rec19g613loyb0722|Switch to Account Level Conversion Goal>, due on Nov 27, 241 days ago"
rec19g6vluay3mtu,TO_DO,a5InOOK9xUTZHWJKfkRG,Monthly report for March,2024-04-02T00:00:00.051Z,Tiggo Care,yirJEpJCXBoUrkZTL44R,2024-04-02 00:00:00.051000+00:00,2024-04-02,Apr 02,OVERDUE,114,"• <https://team.usekaya.com/tasks/rec19g6vluay3mtu|Monthly report for March>, due on Apr 02, 114 days ago"
rec19g6vltiou0uf,TO_DO,a5InOOK9xUTZHWJKfkRG,Google Ads Audit,2024-03-11T00:00:00.000Z,Tiggo Care,yirJEpJCXBoUrkZTL44R,2024-03-11 00:00:00+00:00,2024-03-11,Mar 11,OVERDUE,136,"• <https://team.usekaya.com/tasks/rec19g6vltiou0uf|Google Ads Audit>, due on Mar 11, 136 days ago"
rec19g6vlt5ibj47,TO_DO,YCfiKXef6j5UhInjoTfB,Monthly report for February,2024-03-02T00:00:00.382Z,Tiggo Care,yirJEpJCXBoUrkZTL44R,2024-03-02 00:00:00.382000+00:00,2024-03-02,Mar 02,OVERDUE,145,"• <https://team.usekaya.com/tasks/rec19g6vlt5ibj47|Monthly report for February>, due on Mar 02, 145 days ago"
rec19g6vlt5ibj47,TO_DO,aFaehDbNs0dRGsJDg7J9,Monthly report for February,2024-03-02T00:00:00.382Z,Tiggo Care,yirJEpJCXBoUrkZTL44R,2024-03-02 00:00:00.382000+00:00,2024-03-02,Mar 02,OVERDUE,145,"• <https://team.usekaya.com/tasks/rec19g6vlt5ibj47|Monthly report for February>, due on Mar 02, 145 days ago"
rec19g6vlvcpps11,TO_DO,RuvvApnBFFtU4qs9BvDO,Create new creatives for FB retargeting,2024-04-26T18:21:22.883Z,spotLESS Materials,WEjnxhwjRclMr05ZwcNw,2024-04-26 18:21:22.883000+00:00,2024-04-26,Apr 26,OVERDUE,90,"• <https://team.usekaya.com/tasks/rec19g6vlvcpps11|Create new creatives for FB retargeting>, due on Apr 26, 90 days ago"
rec19g613ln1r2s63,TO_DO,,Easop - Create Remarketing Campaign,2023-09-29T00:00:00.000Z,Easop,1PWNNsvjAstiS3PkMexb,2023-09-29 00:00:00+00:00,2023-09-29,Sep 29,OVERDUE,300,"• <https://team.usekaya.com/tasks/rec19g613ln1r2s63|Easop - Create Remarketing Campaign>, due on Sep 29, 300 days ago"
rec19g613ln1r0pgk,TO_DO,,Easop - Pause Boosting,2023-09-18T00:00:00.000Z,Easop,1PWNNsvjAstiS3PkMexb,2023-09-18 00:00:00+00:00,2023-09-18,Sep 18,OVERDUE,311,"• <https://team.usekaya.com/tasks/rec19g613ln1r0pgk|Easop - Pause Boosting>, due on Sep 18, 311 days ago"
rec19g6vltzllpbg,TO_DO,r7WoPTktLxgCYED0pYeD,LI Account On hold Due to Payment issue 20Mar,2024-03-23T09:25:32.673Z,SavvyWealth,8gbEIcRnuxy7EBMguoti,2024-03-23 09:25:32.673000+00:00,2024-03-23,Mar 23,OVERDUE,124,"• <https://team.usekaya.com/tasks/rec19g6vltzllpbg|LI Account On hold Due to Payment issue 20Mar>, due on Mar 23, 124 days ago"
rec19g6vltz6jmtd,IN_PROGRESS,FLBV5BspUlisami9SpVw,Mar Creatives Review,2024-03-23T02:24:02.530Z,SavvyWealth,8gbEIcRnuxy7EBMguoti,2024-03-23 02:24:02.530000+00:00,2024-03-23,Mar 23,OVERDUE,124,"• <https://team.usekaya.com/tasks/rec19g6vltz6jmtd|Mar Creatives Review>, due on Mar 23, 124 days ago"
rec19g613lpb9djir,TO_DO,r7WoPTktLxgCYED0pYeD,UTM for third party websites,2023-11-27T13:57:59.667Z,SavvyWealth,8gbEIcRnuxy7EBMguoti,2023-11-27 13:57:59.667000+00:00,2023-11-27,Nov 27,OVERDUE,241,"• <https://team.usekaya.com/tasks/rec19g613lpb9djir|UTM for third party websites>, due on Nov 27, 241 days ago"
rec19g613lnda5fyx,IN_PROGRESS,FLBV5BspUlisami9SpVw,Set up website A/B for Google campaigns,2023-10-06T14:35:49.360Z,SavvyWealth,8gbEIcRnuxy7EBMguoti,2023-10-06 14:35:49.360000+00:00,2023-10-06,Oct 06,OVERDUE,293,"• <https://team.usekaya.com/tasks/rec19g613lnda5fyx|Set up website A/B for Google campaigns>, due on Oct 06, 293 days ago"
rec19g6vlyq9nbv8,TO_DO,0GgKmc6CPLGKQUDSjnmv,Canada Search Volume and Keyword Research,2024-07-20T00:00:00.000Z,Rippling,82cutQRlx6gagQFMKjPa,2024-07-20 00:00:00+00:00,2024-07-20,Jul 20,OVERDUE,5,"• <https://team.usekaya.com/tasks/rec19g6vlyq9nbv8|Canada Search Volume and Keyword Research>, due on Jul 20, 5 days ago"
rec19g6vlyq9nbv8,TO_DO,HFvTveGfOjk4nb27qfHT,Canada Search Volume and Keyword Research,2024-07-20T00:00:00.000Z,Rippling,82cutQRlx6gagQFMKjPa,2024-07-20 00:00:00+00:00,2024-07-20,Jul 20,OVERDUE,5,"• <https://team.usekaya.com/tasks/rec19g6vlyq9nbv8|Canada Search Volume and Keyword Research>, due on Jul 20, 5 days ago"
rec19g6vlyfou71b,TO_DO,KZsiloeuo2aXx0OGL1Sr,Review CA EOR+CountryHiring,2024-07-12T23:00:00.000Z,Rippling,82cutQRlx6gagQFMKjPa,2024-07-12 23:00:00+00:00,2024-07-12,Jul 12,OVERDUE,13,"• <https://team.usekaya.com/tasks/rec19g6vlyfou71b|Review CA EOR+CountryHiring>, due on Jul 12, 13 days ago"
rec19g6vlyfou71b,TO_DO,HFvTveGfOjk4nb27qfHT,Review CA EOR+CountryHiring,2024-07-12T23:00:00.000Z,Rippling,82cutQRlx6gagQFMKjPa,2024-07-12 23:00:00+00:00,2024-07-12,Jul 12,OVERDUE,13,"• <https://team.usekaya.com/tasks/rec19g6vlyfou71b|Review CA EOR+CountryHiring>, due on Jul 12, 13 days ago"
rec19g6vluay3mtu,TO_DO,YCfiKXef6j5UhInjoTfB,Monthly report for March,2024-04-02T00:00:00.051Z,Tiggo Care,yirJEpJCXBoUrkZTL44R,2024-04-02 00:00:00.051000+00:00,2024-04-02,Apr 02,OVERDUE,114,"• <https://team.usekaya.com/tasks/rec19g6vluay3mtu|Monthly report for March>, due on Apr 02, 114 days ago"
rec19g6ulwq3y9dg,TO_DO,vz0sCWsESdgrwKE7KBoG,Monthly report for May,2024-06-02T00:00:00.227Z,Flow Club,hy9NItDV3TI3jCm6PSKZ,2024-06-02 00:00:00.227000+00:00,2024-06-02,Jun 02,OVERDUE,53,"• <https://team.usekaya.com/tasks/rec19g6ulwq3y9dg|Monthly report for May>, due on Jun 02, 53 days ago"
rec19g6vlwq3ye0h,TO_DO,a5InOOK9xUTZHWJKfkRG,Monthly report for May,2024-06-02T00:00:00.343Z,Tiggo Care,yirJEpJCXBoUrkZTL44R,2024-06-02 00:00:00.343000+00:00,2024-06-02,Jun 02,OVERDUE,53,"• <https://team.usekaya.com/tasks/rec19g6vlwq3ye0h|Monthly report for May>, due on Jun 02, 53 days ago"
rec19g6vlwq3ye0h,TO_DO,0GgKmc6CPLGKQUDSjnmv,Monthly report for May,2024-06-02T00:00:00.343Z,Tiggo Care,yirJEpJCXBoUrkZTL44R,2024-06-02 00:00:00.343000+00:00,2024-06-02,Jun 02,OVERDUE,53,"• <https://team.usekaya.com/tasks/rec19g6vlwq3ye0h|Monthly report for May>, due on Jun 02, 53 days ago"
rec19g6vlxapumqc,TO_DO,DARp3Y2sc8M9KhpGmkyl,Provide LinkedIn Target Account List,2024-06-18T00:00:00.000Z,AirGarage,ghUYDr9B4q1gGk8xuq0b,2024-06-18 00:00:00+00:00,2024-06-18,Jun 18,OVERDUE,37,"• <https://team.usekaya.com/tasks/rec19g6vlxapumqc|Provide LinkedIn Target Account List>, due on Jun 18, 37 days ago"
rec19g6vlxapumqc,TO_DO,DYjDlg3QarGW0pnvEEB5,Provide LinkedIn Target Account List,2024-06-18T00:00:00.000Z,AirGarage,ghUYDr9B4q1gGk8xuq0b,2024-06-18 00:00:00+00:00,2024-06-18,Jun 18,OVERDUE,37,"• <https://team.usekaya.com/tasks/rec19g6vlxapumqc|Provide LinkedIn Target Account List>, due on Jun 18, 37 days ago"
rec19g6vlxapumqc,TO_DO,5UhkXo4X2Hx7waRApEgG,Provide LinkedIn Target Account List,2024-06-18T00:00:00.000Z,AirGarage,ghUYDr9B4q1gGk8xuq0b,2024-06-18 00:00:00+00:00,2024-06-18,Jun 18,OVERDUE,37,"• <https://team.usekaya.com/tasks/rec19g6vlxapumqc|Provide LinkedIn Target Account List>, due on Jun 18, 37 days ago"
rec19g614lr58h6d0,TO_DO,DYjDlg3QarGW0pnvEEB5,Provide USP brief,2024-06-13T00:00:00.000Z,AirGarage,ghUYDr9B4q1gGk8xuq0b,2024-06-13 00:00:00+00:00,2024-06-13,Jun 13,OVERDUE,42,"• <https://team.usekaya.com/tasks/rec19g614lr58h6d0|Provide USP brief>, due on Jun 13, 42 days ago"
rec19g614lr58h6d0,TO_DO,DARp3Y2sc8M9KhpGmkyl,Provide USP brief,2024-06-13T00:00:00.000Z,AirGarage,ghUYDr9B4q1gGk8xuq0b,2024-06-13 00:00:00+00:00,2024-06-13,Jun 13,OVERDUE,42,"• <https://team.usekaya.com/tasks/rec19g614lr58h6d0|Provide USP brief>, due on Jun 13, 42 days ago"
rec19g613llzbp97g,TO_DO,CWKnEZ0uIKaE38H04e2w,AirGarage - Set up LinkedIn ads,2024-06-28T00:00:00.000Z,AirGarage,ghUYDr9B4q1gGk8xuq0b,2024-06-28 00:00:00+00:00,2024-06-28,Jun 28,OVERDUE,27,"• <https://team.usekaya.com/tasks/rec19g613llzbp97g|AirGarage - Set up LinkedIn ads>, due on Jun 28, 27 days ago"
rec19g6vlws46i33,TO_DO,yUOTONxGA9WTzablbHFG,Provide LinkedIn Target Account List,2024-06-05T00:00:00.000Z,Signadot,sIptyOPa87ih8wFsb1a3,2024-06-05 00:00:00+00:00,2024-06-05,Jun 05,OVERDUE,50,"• <https://team.usekaya.com/tasks/rec19g6vlws46i33|Provide LinkedIn Target Account List>, due on Jun 05, 50 days ago"
rec19g6vlwq3ye0h,TO_DO,YCfiKXef6j5UhInjoTfB,Monthly report for May,2024-06-02T00:00:00.343Z,Tiggo Care,yirJEpJCXBoUrkZTL44R,2024-06-02 00:00:00.343000+00:00,2024-06-02,Jun 02,OVERDUE,53,"• <https://team.usekaya.com/tasks/rec19g6vlwq3ye0h|Monthly report for May>, due on Jun 02, 53 days ago"
rec19g6vluqyr2n1,TO_DO,eHCZzZq5Hcw90OMblaNR,PMAX creatives & localisation,2024-04-11T13:03:20.566Z,Dailybot,WMMViNa0CiauqVUwsB60,2024-04-11 13:03:20.566000+00:00,2024-04-11,Apr 11,OVERDUE,105,"• <https://team.usekaya.com/tasks/rec19g6vluqyr2n1|PMAX creatives & localisation>, due on Apr 11, 105 days ago"
rec19g6vlws46i33,TO_DO,IWUzhznDd7B5qusdns7j,Provide LinkedIn Target Account List,2024-06-05T00:00:00.000Z,Signadot,sIptyOPa87ih8wFsb1a3,2024-06-05 00:00:00+00:00,2024-06-05,Jun 05,OVERDUE,50,"• <https://team.usekaya.com/tasks/rec19g6vlws46i33|Provide LinkedIn Target Account List>, due on Jun 05, 50 days ago"
rec19g6vlws46ebu,TO_DO,yUOTONxGA9WTzablbHFG,Provide company's unique selling points (USP),2024-06-05T00:00:00.000Z,Signadot,sIptyOPa87ih8wFsb1a3,2024-06-05 00:00:00+00:00,2024-06-05,Jun 05,OVERDUE,50,"• <https://team.usekaya.com/tasks/rec19g6vlws46ebu|Provide company's unique selling points (USP)>, due on Jun 05, 50 days ago"
rec19g6vlws46ebu,TO_DO,IWUzhznDd7B5qusdns7j,Provide company's unique selling points (USP),2024-06-05T00:00:00.000Z,Signadot,sIptyOPa87ih8wFsb1a3,2024-06-05 00:00:00+00:00,2024-06-05,Jun 05,OVERDUE,50,"• <https://team.usekaya.com/tasks/rec19g6vlws46ebu|Provide company's unique selling points (USP)>, due on Jun 05, 50 days ago"
rec19g613llgv8z3x,IN_PROGRESS,FLBV5BspUlisami9SpVw,Optimise bidding and negative keywords,2023-08-21T23:00:00.000Z,Pump,ungEooiXyAEivhg99bDB,2023-08-21 23:00:00+00:00,2023-08-21,Aug 21,OVERDUE,339,"• <https://team.usekaya.com/tasks/rec19g613llgv8z3x|Optimise bidding and negative keywords>, due on Aug 21, 339 days ago"
rec19g614llaolsff,TO_DO,qGwYsRoU84oQx5GXwhoO,Pump - Provide LinkedIn targeting list,2023-08-17T23:00:00.000Z,Pump,ungEooiXyAEivhg99bDB,2023-08-17 23:00:00+00:00,2023-08-17,Aug 17,OVERDUE,343,"• <https://team.usekaya.com/tasks/rec19g614llaolsff|Pump - Provide LinkedIn targeting list>, due on Aug 17, 343 days ago"
rec19g613ll9u79qg,TO_DO,qGwYsRoU84oQx5GXwhoO,Pump - Append param to app.pump.co when a new user signs up,2023-08-19T23:00:00.000Z,Pump,ungEooiXyAEivhg99bDB,2023-08-19 23:00:00+00:00,2023-08-19,Aug 19,OVERDUE,341,"• <https://team.usekaya.com/tasks/rec19g613ll9u79qg|Pump - Append param to app.pump.co when a new user signs up>, due on Aug 19, 341 days ago"
rec19g613lkp3dmxk,TO_DO,HFvTveGfOjk4nb27qfHT,Pump - Set up LinkedIn ads,2023-01-01T00:00:00.000Z,Pump,ungEooiXyAEivhg99bDB,2023-01-01 00:00:00+00:00,2023-01-01,Jan 01,OVERDUE,571,"• <https://team.usekaya.com/tasks/rec19g613lkp3dmxk|Pump - Set up LinkedIn ads>, due on Jan 01, 571 days ago"
rec19g6vlyyrvoqz,TO_DO,rgZx5xKVlyuak26MfEhA,Increase Campaign Budget,2024-07-26T00:00:00.000Z,MyEdSpace,no2DKxHGYQshKxZAJxmj,2024-07-26 00:00:00+00:00,2024-07-26,Jul 26,UPCOMING,-1,"• <https://team.usekaya.com/tasks/rec19g6vlyyrvoqz|Increase Campaign Budget>, due on Jul 26, -1 days ago"
rec19g6ulyymv68b,IN_PROGRESS,KZsiloeuo2aXx0OGL1Sr,Audit Meta Ads and suggest next steps [Internal],2024-07-26T00:00:00.000Z,Vault,OB47hfQnPSzJEWt184u1,2024-07-26 00:00:00+00:00,2024-07-26,Jul 26,UPCOMING,-1,"• <https://team.usekaya.com/tasks/rec19g6ulyymv68b|Audit Meta Ads and suggest next steps [Internal]>, due on Jul 26, -1 days ago"
rec19g6vlyymv2yy,IN_PROGRESS,KZsiloeuo2aXx0OGL1Sr,Audit Google Ads and suggest next steps [Internal],2024-07-26T00:00:00.000Z,Vault,OB47hfQnPSzJEWt184u1,2024-07-26 00:00:00+00:00,2024-07-26,Jul 26,UPCOMING,-1,"• <https://team.usekaya.com/tasks/rec19g6vlyymv2yy|Audit Google Ads and suggest next steps [Internal]>, due on Jul 26, -1 days ago"
