id,channel,source_medium,business_id
rec00HwcagNYJtoaV,Referral,engine.presearch.org / referral,AAy38qcm3RhsVufLcldv
rec01zB3Dql1f5fq0,Others,webflow.com / referral,rLd0UAtF7nscjHkEoZro
rec055vcd7IhZOfuM,Referral,strategyr.com / referral,KM4tyRY5cbLH767DI3O9
rec08wPvlju4F7m0Q,Others,top.allresultsweb.com / referral,AAy38qcm3RhsVufLcldv
rec0A4sLaWUcMgazn,Others,lucidsoftware.lightning.force.com / referral,BZiyKCfDzVXTWDHxNSoB
rec0CYMR4uEybz04s,Others,lazyrolling.com / referral,NtV6Ynivm40Ip4h2LmaO
rec0DPwKuNcxQWhXq,Referral,actblue.atlassian.net / referral,AAy38qcm3RhsVufLcldv
rec0FwRjG8TBuaoTw,Others,topstartups.io / (not set),KM4tyRY5cbLH767DI3O9
rec0JqVYL7YaQC4D8,News,techcrunch.com / referral,KM4tyRY5cbLH767DI3O9
rec0Mq5jAZA7T0Ryv,Referral,web-dat.factset.io / referral,KM4tyRY5cbLH767DI3O9
rec0isHu3bQySQMJG,Referral,csueastbay.edu / referral,AAy38qcm3RhsVufLcldv
rec0kFS2CTqFMpLIV,Linked In,lnkd.in / referral,KM4tyRY5cbLH767DI3O9
rec0kW4sSEdbS4SiN,Referral,cloudflare.lightning.force.com / referral,AAy38qcm3RhsVufLcldv
rec0pGT0665s6quhZ,Others,mturkcontent.com / referral,rLd0UAtF7nscjHkEoZro
rec0pqTHgjArNqGe8,Referral,theprint-in.cdn.ampproject.org / referral,vRLbGhzzXiADEqh9MmCu
rec0q762uFQwtJ0XL,Organic Search,duckduckgo / organic,AAy38qcm3RhsVufLcldv
rec0raP0SotPwUgG8,Referral,app.amplemarket.com / referral,KM4tyRY5cbLH767DI3O9
rec0s7tJBic5s0o34,Others,m.keep.naver.com / referral,NtV6Ynivm40Ip4h2LmaO
rec0tAWVrwxWJeelW,YC,news.ycombinator.com / referral,KM4tyRY5cbLH767DI3O9
rec0zbKpmFcovfzX4,Referral,www-tv9marathi-com.cdn.ampproject.org / referral,vRLbGhzzXiADEqh9MmCu
rec100h7Xhzf0HQQb,Facebook,FB / Ads,H9Vh6bFTLZPkplGuJOLs
rec11hf5r8XVVaAp1,Referral,oceanhero.today / referral,AAy38qcm3RhsVufLcldv
rec15ppGgMuGJTKGM,Facebook,m.facebook.com / referral,tVykCSi0eBaAczJgkkfk
rec16Piqo1PTZxf5Z,Referral,greedyfinance.com / referral,vRLbGhzzXiADEqh9MmCu
rec18XLP6XxjtDzEX,Organic Search,search.becovi.com / referral,AAy38qcm3RhsVufLcldv
rec1BCfCo0uFl7XYm,Referral,besci.org / referral,AAy38qcm3RhsVufLcldv
rec1LvNVAqcY4p4JO,Referral,capture.navattic.com / referral,AAy38qcm3RhsVufLcldv
rec1PBNvKlJvlom4L,Referral,newsroompost.com / referral,vRLbGhzzXiADEqh9MmCu
rec1VxtYufjR3dXCV,Referral,m-dinamani-com.cdn.ampproject.org / referral,vRLbGhzzXiADEqh9MmCu
rec1lKpBBlEOXOuCu,Referral,poshukach.com / referral,AAy38qcm3RhsVufLcldv
rec1lbLNWJT4yhTVz,Others,smartr.me / referral,rLd0UAtF7nscjHkEoZro
rec1qy0EjI1Rbmqzy,Organic Search,sg.search.yahoo.com / referral,vRLbGhzzXiADEqh9MmCu
rec1tC0KNwsVUevtF,Others,webextract.profound.net / referral,rLd0UAtF7nscjHkEoZro
rec23BiBHZkaGnII3,Others,irc-berlin / logo-link,KM4tyRY5cbLH767DI3O9
rec28hfh1i56nzwKX,Referral,thenewzthing.com / referral,vRLbGhzzXiADEqh9MmCu
rec2Dhz3ntMUFqQRg,Referral,news-primer.com / referral,KM4tyRY5cbLH767DI3O9
rec2LML2jqyNwNlrf,Organic Search,bing / organic,H9Vh6bFTLZPkplGuJOLs
rec2SY9BMCP6NolXY,Twitter,t.co / referral,H9Vh6bFTLZPkplGuJOLs
rec2TxQwN6GGeMlPe,FDA,fda.gov / referral,BZiyKCfDzVXTWDHxNSoB
rec2iYBQrHjO92hHA,Others,apps.apple.com / referral,AAy38qcm3RhsVufLcldv
rec2ikluFWiMrMwXZ,Referral,bollywoodhungama.com / referral,vRLbGhzzXiADEqh9MmCu
rec2j4dpQJMUU7Tat,Referral,www-livemint-com.cdn.ampproject.org / referral,vRLbGhzzXiADEqh9MmCu
rec2kTnBjdCG1i4rv,Others,gmb / (not set),vRLbGhzzXiADEqh9MmCu
rec32yEsrhQgMByjH,Others,docusign.lightning.force.com / referral,BZiyKCfDzVXTWDHxNSoB
rec33HchJVSRi2tWE,Referral,hindi.newsbytesapp.com / referral,vRLbGhzzXiADEqh9MmCu
rec33LiAuiEBP7clv,Others,sfo.redirect.systems / referral,H9Vh6bFTLZPkplGuJOLs
rec3AOqAQBXntVncQ,Referral,9b8448b4f75b7e63ce8111f2fb36e985.safeframe.googlesyndication.com / referral,vRLbGhzzXiADEqh9MmCu
rec3C8dnp9mF9T6IW,Referral,laffaz-com.cdn.ampproject.org / referral,vRLbGhzzXiADEqh9MmCu
rec3GHaJ5T6kg2ZZG,Others,localhost:8000 / referral,KM4tyRY5cbLH767DI3O9
rec3JReYLkVwV5lYm,Referral,heroku.lightning.force.com / referral,AAy38qcm3RhsVufLcldv
rec3JpfauYpbKWoEG,Referral,www-thebetterindia-com.cdn.ampproject.org / referral,vRLbGhzzXiADEqh9MmCu
rec3K3IQfT25RNUDP,Referral,sciencesensei.com / referral,vRLbGhzzXiADEqh9MmCu
rec3LnRTSeQqnzcTH,Referral,cp.20min.ch / referral,KM4tyRY5cbLH767DI3O9
rec3NR1TsBGDbgoRw,Others,tagassistant.google.com / referral,rLd0UAtF7nscjHkEoZro
rec3TQsz3HoPablYP,Referral,pabio.dev / referral,KM4tyRY5cbLH767DI3O9
rec3Tl4rgaCrgyTaO,Referral,lifestyle.livemint.com / referral,vRLbGhzzXiADEqh9MmCu
rec3WLAUb7QKiXnxG,Referral,79e4e54f84bb260aff67dde096e86e69.safeframe.googlesyndication.com / referral,vRLbGhzzXiADEqh9MmCu
rec3ZDHHproeKMHY7,Referral,pabio.com / referral,KM4tyRY5cbLH767DI3O9
rec3awvpCZDOsJLWy,Organic Search,yandex.ru / referral,AAy38qcm3RhsVufLcldv
rec3eQvchZPCgB161,Referral,gumdesign.biz / referral,AAy38qcm3RhsVufLcldv
rec3hBkbPl64CpMwc,Referral,11abaef936353bc3a7fd9a3498c5a38f.safeframe.googlesyndication.com / referral,vRLbGhzzXiADEqh9MmCu
rec3iSmfzpw9y464U,Others,quip-amazon.com / referral,BZiyKCfDzVXTWDHxNSoB
rec3kNtLDNkIKngBi,Instagram,l.instagram.com / referral,KM4tyRY5cbLH767DI3O9
rec3uZRxEjoiuR1Nf,Others,trello.com / referral,BZiyKCfDzVXTWDHxNSoB
rec44qlM0UGI3oHEv,Referral,food.com / referral,vRLbGhzzXiADEqh9MmCu
rec464bis8MpNBU3b,Referral,l.wl.co / referral,KM4tyRY5cbLH767DI3O9
rec46e28QitwCsm5s,Referral,away.vk.com / referral,AAy38qcm3RhsVufLcldv
rec47N8qfZGcg467c,Trustpilot,trustpilot / company_profile,NtV6Ynivm40Ip4h2LmaO
rec49xBAEuZKaph0W,Others,internal.getro.com / referral,AAy38qcm3RhsVufLcldv
rec4C6YMN0ETF1eOO,Others,rts.pitchbook.com / referral,AAy38qcm3RhsVufLcldv
rec4DBVHa3vnPVCmo,Others,dashboard.lusha.com / referral,rLd0UAtF7nscjHkEoZro
rec4DkP0Xx4h4t0At,Blog,onthemind.substack.com / referral,H9Vh6bFTLZPkplGuJOLs
rec4G6xXlGVpJNHDV,Referral,emilygiurleo.dev / referral,AAy38qcm3RhsVufLcldv
rec4G9zXumBzmfFnq,Alem Health Internal,embed.alem.health / referral,rLd0UAtF7nscjHkEoZro
rec4GIcN6rnKwNZCw,Referral,toil.kitemaker.co / referral,vRLbGhzzXiADEqh9MmCu
rec4PwEo4Pg6ZC8by,Referral,swisscows.com / referral,AAy38qcm3RhsVufLcldv
rec4SojfS9RNTC9GF,Twitter,t.co / referral,tVykCSi0eBaAczJgkkfk
rec4WTrP7aaJDd9uD,Referral,publictv-in.cdn.ampproject.org / referral,vRLbGhzzXiADEqh9MmCu
rec4c5nXegap2PWTw,Referral,statics.teams.cdn.office.net / referral,KM4tyRY5cbLH767DI3O9
rec4c8n3MxGzn8F1G,Referral,www-cinemapettai-com.cdn.ampproject.org / referral,vRLbGhzzXiADEqh9MmCu
rec4dsCnx9aQovK1a,Others,webextract.profound.net / referral,AAy38qcm3RhsVufLcldv
rec4hYxu810BCQkXI,Referral,s.newsearchers.com / referral,vRLbGhzzXiADEqh9MmCu
rec4k0qa6y3hYNWZs,Referral,buzztribe.news / referral,vRLbGhzzXiADEqh9MmCu
rec4kceUcOc1agvTq,Others,g.vovososo.com / referral,H9Vh6bFTLZPkplGuJOLs
rec4kdEp3ijacQN69,Referral,pinterest.co.uk / referral,KM4tyRY5cbLH767DI3O9
rec4kvbgn6t6rWHMI,Others,accel.lightning.force.com / referral,H9Vh6bFTLZPkplGuJOLs
rec4oS5luuzaMCuI5,Facebook,{{facebook}} / Carousel - Geo Tier 2,H9Vh6bFTLZPkplGuJOLs
rec4quHFh1oaMFL2X,Referral,darebell.atlassian.net / referral,KM4tyRY5cbLH767DI3O9
rec4tSdFCjR60fnGY,Referral,manoramanews.com / referral,vRLbGhzzXiADEqh9MmCu
rec50oz63Qs1r6ppp,Referral,snapchat.com / referral,vRLbGhzzXiADEqh9MmCu
rec5BpveoVDJcaT5z,Google CPC,google / cpc,rLd0UAtF7nscjHkEoZro
rec5DCXBYzzYNICLm,Others,flows.trysavvy.com / referral,H9Vh6bFTLZPkplGuJOLs
rec5Pf4C21lplroeD,Organic Search,in.search.yahoo.com / referral,vRLbGhzzXiADEqh9MmCu
rec5TuE5NOzZj9pF4,Referral,hindustantimes.com / referral,vRLbGhzzXiADEqh9MmCu
rec5V95W8bcKtAH9n,Instagram,instagram.com / referral,H9Vh6bFTLZPkplGuJOLs
rec5YzSU0NSNNo3gD,Others,impactradius.lightning.force.com / referral,tVykCSi0eBaAczJgkkfk
rec5b5113ZYKIhp6Q,Referral,system.dialfire.com / referral,KM4tyRY5cbLH767DI3O9
rec5bdG1bfmp5F3ee,Linked In,linkedin.com / referral,rLd0UAtF7nscjHkEoZro
rec5c34hDy62PGJYG,Youtube,youtube / numero,AAy38qcm3RhsVufLcldv
rec5dKycRCGW0RzOw,Referral,searchbip.com / referral,AAy38qcm3RhsVufLcldv
rec5eHa4LHuEOFDBr,Others,anand / (not set),KM4tyRY5cbLH767DI3O9
rec5fOR5UpnMjE67Y,Others,search.becovi.com / referral,BZiyKCfDzVXTWDHxNSoB
rec5l5hBXjOfFCq15,Others,insightpartners.cloud.looker.com / referral,H9Vh6bFTLZPkplGuJOLs
rec5oE6MCD8SgFCJi,Others,admin.hagro.cn / referral,rLd0UAtF7nscjHkEoZro
rec5pkY6mvdpA56mc,Facebook,FB / 30dEngagers,H9Vh6bFTLZPkplGuJOLs
rec66U7beEX2wgIMN,Others,mail.missiveapp.com / referral,KM4tyRY5cbLH767DI3O9
rec678e0mFVoupgSm,Youtube,youtube.com / referral,AAy38qcm3RhsVufLcldv
rec68ueQ5tnlrlXii,Referral,infoq.cn / referral,KM4tyRY5cbLH767DI3O9
rec6IdFJtis0XOI6J,Referral,updatedideas.com / referral,vRLbGhzzXiADEqh9MmCu
rec6Q2DCPVO406HNA,Referral,automated-traffic.pro / referral,AAy38qcm3RhsVufLcldv
rec6QgbuBMZStDdFn,Referral,pnpm.io / referral,KM4tyRY5cbLH767DI3O9
rec6TYvbkH43LVBk3,Facebook,m.facebook.com / referral,rLd0UAtF7nscjHkEoZro
rec6TcW08XeKs210U,Referral,www-livelaw-in.cdn.ampproject.org / referral,vRLbGhzzXiADEqh9MmCu
rec6YPo6DOWNMmamj,Referral,ampproject.org / referral,vRLbGhzzXiADEqh9MmCu
rec6a5qyymvpu7cvl,Referral,word-edit.officeapps.live.com / referral,AAy38qcm3RhsVufLcldv
rec6czdl9ZdzART8O,Others,webcache.googleusercontent.com / referral,AAy38qcm3RhsVufLcldv
rec6tgzREX9yJay2m,Organic Search,duckduckgo / organic,vRLbGhzzXiADEqh9MmCu
rec6w7mghJG45B3x9,Organic Search,yahoo / organic,AAy38qcm3RhsVufLcldv
rec6yqguMD5yt0XQB,Referral,www-patrika-com.cdn.ampproject.org / referral,vRLbGhzzXiADEqh9MmCu
rec72eyftXGvEIvB0,Referral,github.sebank.se / referral,KM4tyRY5cbLH767DI3O9
rec77KKheaOk263Qh,Linked In,linkedin.com / referral,AAy38qcm3RhsVufLcldv
rec7BwO6fxiSQz7O1,Referral,192.168.17.63 / referral,AAy38qcm3RhsVufLcldv
rec7TTOsGqgobHgXP,Others,uhohlabs.wpengine.com / referral,BZiyKCfDzVXTWDHxNSoB
rec7TqFTkWNSZugzY,Referral,workable.lightning.force.com / referral,KM4tyRY5cbLH767DI3O9
rec7Zwez4norWuzch,Referral,tomahawk.vc / referral,KM4tyRY5cbLH767DI3O9
rec7ghHuS0GZuiFe4,Referral,dfupublications.com / referral,vRLbGhzzXiADEqh9MmCu
rec7n93JLYbDQmwZi,Others,cse.google.fr / referral,NtV6Ynivm40Ip4h2LmaO
rec7tLRqShWqFYZJo,Organic Search,bing / organic,AAy38qcm3RhsVufLcldv
rec81bdS8QZmTVsH2,YC,ycombinator.com / referral,KM4tyRY5cbLH767DI3O9
rec8J6w47wKLi2TuX,Others,github.com / referral,rLd0UAtF7nscjHkEoZro
rec8KhTZOhj8L10gB,Referral,malayalam-filmibeat-com.cdn.ampproject.org / referral,vRLbGhzzXiADEqh9MmCu
rec8KimwR6SAL2JAy,Others,aws-crm.lightning.force.com / referral,KM4tyRY5cbLH767DI3O9
rec8QqBYegSWznapw,Others,link.zhihu.com / referral,rLd0UAtF7nscjHkEoZro
rec8UaHOMclFzq2cx,Others,top.allresultsweb.com / referral,rLd0UAtF7nscjHkEoZro
rec8VlwKn34uPnAjO,Referral,fastfounder.ru / referral,vRLbGhzzXiADEqh9MmCu
rec8Z7TsOame6CGfh,Facebook,{{facebook}} / Carousel+-+Geo+Tier+2,H9Vh6bFTLZPkplGuJOLs
rec8e2B5tpeXIRNEj,Others,ampproject.org / referral,KM4tyRY5cbLH767DI3O9
rec8enD7iYDJfK40B,Facebook,l.messenger.com / referral,AAy38qcm3RhsVufLcldv
rec8fBfESTlOOldLh,Referral,temp-mail.org / referral,KM4tyRY5cbLH767DI3O9
rec8lfqSzQxdCqmEc,Referral,staticsint.teams.cdn.office.net / referral,KM4tyRY5cbLH767DI3O9
rec8nmFVylfqXntxz,Others,statics.teams.cdn.office.net / referral,BZiyKCfDzVXTWDHxNSoB
rec8p5Ruy45YB8dRo,Payment,hooks.stripe.com / referral,NtV6Ynivm40Ip4h2LmaO
rec909kxcfkiQJ5GW,Others,us17.campaign-archive.com / referral,rLd0UAtF7nscjHkEoZro
rec9895CO3kzz4SUz,Referral,bb.csueastbay.edu / referral,AAy38qcm3RhsVufLcldv
rec995yhfycKFg83c,Email,moengage / email,vRLbGhzzXiADEqh9MmCu
rec9FdS3vB0O87Wwd,Trustpilot,ch.trustpilot.com / referral,KM4tyRY5cbLH767DI3O9
rec9JuhsnQokoVupu,Others,startupill.com / referral,vRLbGhzzXiADEqh9MmCu
rec9LSfoDmyd9aCpr,Referral,pabiostatus.com / referral,KM4tyRY5cbLH767DI3O9
rec9LvJNXjAsaMYFQ,Referral,zoominfo.com / referral,vRLbGhzzXiADEqh9MmCu
rec9M5xofko9TQ1Hw,Youtube,m.youtube.com / referral,NtV6Ynivm40Ip4h2LmaO
rec9NtgGJiBelfhu0,Referral,www-prajavani-net.cdn.ampproject.org / referral,vRLbGhzzXiADEqh9MmCu
rec9QrgDgoEdZEFMJ,Facebook,business.facebook.com / referral,KM4tyRY5cbLH767DI3O9
rec9TR63t7ADz61v0,Referral,infounicornsearchpro.amocrm.ru / referral,AAy38qcm3RhsVufLcldv
rec9UoizsiCKHS3Cq,Referral,shortpedia.com / referral,vRLbGhzzXiADEqh9MmCu
rec9aZnNbCSsu8VLy,Organic Search,search.google.com / referral,AAy38qcm3RhsVufLcldv
rec9cfwsyUPEUIA9d,Organic Search,google / organic,AAy38qcm3RhsVufLcldv
rec9jLMWvtukIMpMI,Referral,portal.pioneerfund.vc / referral,KM4tyRY5cbLH767DI3O9
rec9koj0qVJfS6P5s,Referral,inbrowserapp.com / referral,AAy38qcm3RhsVufLcldv
rec9lIBSFIltusvlP,Others,webflow.com / referral,AAy38qcm3RhsVufLcldv
rec9mkwrUg4IZZ06C,Referral,178good.com / referral,KM4tyRY5cbLH767DI3O9
rec9npMUZycux50pA,Referral,news.watu.cc / referral,KM4tyRY5cbLH767DI3O9
recA51q2UyGNIMGz6,Direct,(direct) / (none),H9Vh6bFTLZPkplGuJOLs
recA9tyrwJQs8TuaI,Others,en-int.seekweb.com / referral,rLd0UAtF7nscjHkEoZro
recAB35GGD0JVR3zt,Referral,weworkremotely.com / referral,KM4tyRY5cbLH767DI3O9
recAIre0RhQgJeaCq,Forum Referral,evnerds-com.cdn.ampproject.org / referral,NtV6Ynivm40Ip4h2LmaO
recAO5wrDAigKKs8m,Referral,bollywoodlife.com / referral,vRLbGhzzXiADEqh9MmCu
recAPavB78sxNs2v6,Referral,electables.webflow.io / referral,AAy38qcm3RhsVufLcldv
recAaZyocCNEG6wCF,Referral,translate.google.ru / referral,KM4tyRY5cbLH767DI3O9
recAhN3lVOiFvZXxL,Referral,trello.com / referral,vRLbGhzzXiADEqh9MmCu
recAkFcG4V51Nw8pp,Referral,localhost:1234 / referral,KM4tyRY5cbLH767DI3O9
recAofDhuvAKZ5n1W,Instagram,l.instagram.com / referral,rLd0UAtF7nscjHkEoZro
recApQulYD8AN3XC9,Organic Search,duckduckgo / organic,NtV6Ynivm40Ip4h2LmaO
recAqAYDfhgwznTrN,Organic Search,yahoo / organic,vRLbGhzzXiADEqh9MmCu
recAqR0woBja3oT6u,Referral,ebury.lightning.force.com / referral,KM4tyRY5cbLH767DI3O9
recAyjOpM69LAiyuo,Referral,intranet.wsgr.com / referral,AAy38qcm3RhsVufLcldv
recB1aLcbVimNhoCa,Others,323.theabisgroup.com / referral,BZiyKCfDzVXTWDHxNSoB
recB4h58XDfwktWWO,Referral,d-452783410984363515.ampproject.net / referral,vRLbGhzzXiADEqh9MmCu
recBBX4gLQWCKQosQ,Referral,immoscout24.withpabio.com / referral,KM4tyRY5cbLH767DI3O9
recBBXmU0MxwyvLB5,Facebook,FB_Ads / Michelle Video | LAL,H9Vh6bFTLZPkplGuJOLs
recBBl58hcrnHtFh5,Referral,translate.google.co.id / referral,AAy38qcm3RhsVufLcldv
recBDIfI9NWEvqlHZ,YC,bookface.ycombinator.com / referral,rLd0UAtF7nscjHkEoZro
recBDXrAN9PodXOAb,Referral,fomo.com / referral,tVykCSi0eBaAczJgkkfk
recBIKK52slhQv8Ql,Referral,remotejobs.world / web,KM4tyRY5cbLH767DI3O9
recBJyKjiiRnDSCcr,Referral,www-wikicelebs-com.cdn.ampproject.org / referral,vRLbGhzzXiADEqh9MmCu
recBKQQ9R2EibERda,Organic Search,search.becovi.com / referral,NtV6Ynivm40Ip4h2LmaO
recBKhd8WMS8n0eva,Youtube,youtube.com / referral,vRLbGhzzXiADEqh9MmCu
recBQkxrHVXcuBYvm,Referral,food.ndtv.com / referral,vRLbGhzzXiADEqh9MmCu
recBR6ccJyspOHedh,Referral,workingnomads.com / referral,KM4tyRY5cbLH767DI3O9
recBUXzeiqqx6swtz,Referral,summitlearning.org / referral,AAy38qcm3RhsVufLcldv
recBX1WvAfGatZvNW,Facebook,lm.facebook.com / referral,H9Vh6bFTLZPkplGuJOLs
recBZjP8EsmGlUFJj,YC,workatastartup.com / referral,vRLbGhzzXiADEqh9MmCu
recBe0Epu3wJI5aUb,Referral,zerotomarketing.com / referral,KM4tyRY5cbLH767DI3O9
recBf6NxemGeQPK7Y,Others,company-tearsheet.goodwaterapps.com / referral,KM4tyRY5cbLH767DI3O9
recBotKtUw2nShOqL,Google CPC,google / online_advertising,KM4tyRY5cbLH767DI3O9
recBriyTCF9SBq0vT,Referral,messages-web.sandbox.google.com / referral,AAy38qcm3RhsVufLcldv
recCPRvLP3eh0efy8,Referral,bellevue-nzz-ch.cdn.ampproject.org / referral,KM4tyRY5cbLH767DI3O9
recCVL5hN7VuemI3I,Referral,search.becovi.com / referral,vRLbGhzzXiADEqh9MmCu
recCbzfG2tcNqTv9N,Referral,mobilemailer-bap.gmx.net / referral,KM4tyRY5cbLH767DI3O9
recCfCyU6L3kG9kXT,Others,sourcescrub.com / referral,AAy38qcm3RhsVufLcldv
recCkP5fUlvo9OvFD,Referral,filmdaily.co / referral,vRLbGhzzXiADEqh9MmCu
recCoTCUCFOUKYeqo,Referral,bootcamp.uxdesign.cc / referral,vRLbGhzzXiADEqh9MmCu
recCrquuwCvRvLbkj,Referral,businessofshopping.com / referral,KM4tyRY5cbLH767DI3O9
recCwT3Nb4eqbquvN,Product Hunt,producthunt.com / referral,KM4tyRY5cbLH767DI3O9
recCzq6prJsoQzN9C,Referral,share.hsforms.com / referral,KM4tyRY5cbLH767DI3O9
recDAsx1DfX1tUP10,Referral,googleweblight.com / referral,vRLbGhzzXiADEqh9MmCu
recDC9WfH18VobSRU,Others,globtek.my.salesforce.com / referral,BZiyKCfDzVXTWDHxNSoB
recDFGq1FkZ9pgb6Z,Others,sgpgrid.com / referral,rLd0UAtF7nscjHkEoZro
recDKKXTQNS2lNlJv,Others,justworks.lightning.force.com / referral,AAy38qcm3RhsVufLcldv
recDMxBDh2037EDxs,Others,accounts.google.com / referral,tVykCSi0eBaAczJgkkfk
recDPA5K7UbBJI4qi,Organic Search,bing / organic,vRLbGhzzXiADEqh9MmCu
recDU12JyVN1bBxzv,Linked In,lnkd.in / referral,AAy38qcm3RhsVufLcldv
recDUEbwBzziY3wrK,Others,dataprocessing.burgiss.com / referral,BZiyKCfDzVXTWDHxNSoB
recDe1tVKqd3Bo5tu,Others,search.pch.com / referral,BZiyKCfDzVXTWDHxNSoB
recDgHGtbIqHe9vc1,Referral,index.co / referral,KM4tyRY5cbLH767DI3O9
recDiUNYyDQYmKrGx,Pinterest,pinterest.com / referral,AAy38qcm3RhsVufLcldv
recDnwZKiGBHEwIJI,Referral,www-livehindustan-com.cdn.ampproject.org / referral,vRLbGhzzXiADEqh9MmCu
recDqbE2he7ukPJ6f,Others,www2.profitwell.com / referral,tVykCSi0eBaAczJgkkfk
recDvieYZ2dOZegjV,Organic Search,yahoo / organic,KM4tyRY5cbLH767DI3O9
recDwz80kvAm5KZ2o,Referral,wanderoam.com / referral,vRLbGhzzXiADEqh9MmCu
recDxjrSLU6Lj682w,Google CPC,google / cpc,KM4tyRY5cbLH767DI3O9
recDzuPFOrVk0jvAh,Youtube,youtube.com / referral,NtV6Ynivm40Ip4h2LmaO
recE25XSpT1asL5Ux,Others,company-tearsheet.goodwaterapps.com / referral,H9Vh6bFTLZPkplGuJOLs
recE7AyP43wLslyI0,YC,bookface.ycombinator.com / referral,vRLbGhzzXiADEqh9MmCu
recE8OpZh5jnTxStE,Referral,viestories.com / referral,vRLbGhzzXiADEqh9MmCu
recEDyJzPfFz517ZJ,Referral,adclays.com / referral,vRLbGhzzXiADEqh9MmCu
recERgmGZANZfAICw,Referral,clearbanc1.lightning.force.com / referral,KM4tyRY5cbLH767DI3O9
recEYP2sKbkhwORho,Others,ivp.lightning.force.com / referral,H9Vh6bFTLZPkplGuJOLs
recEiMbMXPgV4vPtK,Referral,ahr.azadseo.com / referral,AAy38qcm3RhsVufLcldv
recElAjMR82dbxOPN,Facebook,{{facebook}} / Tiktok+3+--+Conversions+-+Broad,H9Vh6bFTLZPkplGuJOLs
recEo7GYbIhohggmc,Others,github.com / referral,AAy38qcm3RhsVufLcldv
recEq93qoE5ZkZV3s,Referral,redis.lightning.force.com / referral,AAy38qcm3RhsVufLcldv
recEwg14IIA5eG0hS,Referral,livemint.com / referral,vRLbGhzzXiADEqh9MmCu
recF2CD3D99tnIf36,Referral,st1.zoom.us / referral,KM4tyRY5cbLH767DI3O9
recF4WIQURwpKe627,Others,adwords.corp.google.com / referral,KM4tyRY5cbLH767DI3O9
recF5V1HFDHKijkJG,Facebook,m.facebook.com / referral,NtV6Ynivm40Ip4h2LmaO
recF6jsipjHje1fah,Referral,bollywoodshaadis.com / referral,vRLbGhzzXiADEqh9MmCu
recF9V9vXI6kMKEad,Referral,gopher.com / referral,AAy38qcm3RhsVufLcldv
recFA8z11a4dK9YBz,Forum Referral,gadgetany.com / referral,NtV6Ynivm40Ip4h2LmaO
recFB8XVAfSspJmmg,Others,angel.co / referral,vRLbGhzzXiADEqh9MmCu
recFCeQ1yxzok9mrh,Referral,messages.google.com / referral,AAy38qcm3RhsVufLcldv
recFDfjADJNAbSLM1,Email,recruiting / email,KM4tyRY5cbLH767DI3O9
recFOsRQjPqDRdOfV,Organic Search,google / organic,NtV6Ynivm40Ip4h2LmaO
recFRpbgG9z62jZnq,Email,hs_email / email,AAy38qcm3RhsVufLcldv
recFS4Ovp2J5dkQ44,Email,mail.google.com / referral,BZiyKCfDzVXTWDHxNSoB
recFUBWfricP85BFT,Others,mihir.vercel.app / referral,KM4tyRY5cbLH767DI3O9
recFUBn3frMNrRUBd,Referral,mobilemailer-bs.gmx.net / referral,KM4tyRY5cbLH767DI3O9
recFVzAQLZFSCCXK9,Organic Search,yandex.ru / referral,H9Vh6bFTLZPkplGuJOLs
recFd046lePaxH8Fw,Referral,m.sogou.com / referral,AAy38qcm3RhsVufLcldv
recFpQcvE54T2s7zV,Facebook,FB_Ads / Facebook_Mobile_Feed,H9Vh6bFTLZPkplGuJOLs
recFrLdOh0HpijBir,Direct,(direct) / (none),tVykCSi0eBaAczJgkkfk
recG2MHNr4Dh6wLGV,Facebook,FB_Ads / Chris+TikTok+|+Geo+Tier+1,H9Vh6bFTLZPkplGuJOLs
recGHTUUIcrxdidyL,Referral,trc.taboola.com / referral,vRLbGhzzXiADEqh9MmCu
recGIHNfzkInzrvNw,Others,pilothq.lightning.force.com / referral,BZiyKCfDzVXTWDHxNSoB
recGLOppGRiW59hUK,Referral,tamil-abplive-com.cdn.ampproject.org / referral,vRLbGhzzXiADEqh9MmCu
recGMmDb2iJU6PB0M,Twitter,t.co / referral,vRLbGhzzXiADEqh9MmCu
recGOuJ1L6vSmrjF8,Referral,lokalise.lightning.force.com / referral,KM4tyRY5cbLH767DI3O9
recGaQnJOWrnn4iVI,Others,biospace.lightning.force.com / referral,BZiyKCfDzVXTWDHxNSoB
recGbON9H5mnl9PtP,Referral,viraldigimedia.com / referral,AAy38qcm3RhsVufLcldv
recGePktG1far4hfX,Facebook,l.facebook.com / referral,NtV6Ynivm40Ip4h2LmaO
recGiTNOJ91N9Hpa2,Referral,www-herzindagi-com.cdn.ampproject.org / referral,vRLbGhzzXiADEqh9MmCu
recGjA99gwMu6M2Ym,Referral,carta.lightning.force.com / referral,vRLbGhzzXiADEqh9MmCu
recGkjLCnJSYzXZpe,Referral,finance.yahoo.com / referral,KM4tyRY5cbLH767DI3O9
recGlfqro28No5mkt,Upwork,upwork.com / referral,KM4tyRY5cbLH767DI3O9
recGm4oCmqjQ3fC1e,Referral,inoreader.com / referral,KM4tyRY5cbLH767DI3O9
recGqQF6zqe6NczUs,Referral,ml-b4blaze-com.cdn.ampproject.org / referral,vRLbGhzzXiADEqh9MmCu
recGv8uJuLPEbjaND,Referral,lu.ma / referral,vRLbGhzzXiADEqh9MmCu
recH1R2yQ2BE3wVmZ,Facebook,linktr.ee / referral,NtV6Ynivm40Ip4h2LmaO
recH1tAzA9BFiIlE6,Referral,redirectrussia.org / footer-logo,KM4tyRY5cbLH767DI3O9
recH4dTNcT64BQOk8,Referral,forbes.at / referral,KM4tyRY5cbLH767DI3O9
recHBn3tey5bt0Qeg,Others,sourcescrub.com / referral,KM4tyRY5cbLH767DI3O9
recHEX8HP8A8CC9ZU,Referral,yourstory.com / referral,vRLbGhzzXiADEqh9MmCu
recHKY41lI2WGSnLb,Referral,surf.bluetouch.hk / referral,vRLbGhzzXiADEqh9MmCu
recHXPH56L3FxXjOX,Referral,tes.com / referral,vRLbGhzzXiADEqh9MmCu
recHftVzFPKWbAzYm,Referral,search.aol.com / referral,AAy38qcm3RhsVufLcldv
recHguk21GmrSWnvO,Referral,baloise.com / referral,KM4tyRY5cbLH767DI3O9
recHi51s3SjRviyMr,Organic Search,baidu / organic,vRLbGhzzXiADEqh9MmCu
recHm3dcJtd2g1Xih,Direct,(direct) / (none),KM4tyRY5cbLH767DI3O9
recHrF8qQyp1MFMSX,Referral,lokmat.news18.com / referral,vRLbGhzzXiADEqh9MmCu
recHyN3AhSL017ZXA,Job Search,workatastartup.com / referral,KM4tyRY5cbLH767DI3O9
recI1XbB7f59LNYYN,Others,url-opener.com / referral,AAy38qcm3RhsVufLcldv
recI3nPuqsAlveEgF,Instagram,instagram / linkclick,H9Vh6bFTLZPkplGuJOLs
recI4JTV1xxVxSsbw,Facebook,FB_Ads / Tiktok 3 -- Conversions - LAL,H9Vh6bFTLZPkplGuJOLs
recI8JjLVvNdCZ1Df,Organic Search,uk.search.yahoo.com / referral,rLd0UAtF7nscjHkEoZro
recII8X1PKsB6iiSX,Alem Health Internal,admin.alem.health / referral,rLd0UAtF7nscjHkEoZro
recIOpyK9kOUNf2HB,Referral,onmanorama.com / referral,vRLbGhzzXiADEqh9MmCu
recIXqqx7TxblqvYe,Organic Search,ecosia.org / organic,vRLbGhzzXiADEqh9MmCu
recIYZ3cILSdrQWir,Others,test / (not set),AAy38qcm3RhsVufLcldv
recIfY4reWbpmfVQk,Referral,beststartup.asia / referral,vRLbGhzzXiADEqh9MmCu
recIkVJw6juS9kLPa,Referral,uptime.braves.no / referral,KM4tyRY5cbLH767DI3O9
recIl3iO81oKcdjm3,Referral,www-thehindu-com.cdn.ampproject.org / referral,vRLbGhzzXiADEqh9MmCu
recIpkvOj0P25KGOD,Referral,e45ef309fac76bca1d6ed21e2c096f2f.safeframe.googlesyndication.com / referral,vRLbGhzzXiADEqh9MmCu
recIvVvdqLi1EEuVD,Facebook,l.facebook.com / referral,tVykCSi0eBaAczJgkkfk
recIwVWNHV8ikub2g,Email,email / signature,KM4tyRY5cbLH767DI3O9
recIwa563383MvOpl,Referral,mobilemailer-bs.web.de / referral,KM4tyRY5cbLH767DI3O9
recJ0ndE4NvxGIQts,Referral,ayushgoyal.dev / referral,KM4tyRY5cbLH767DI3O9
recJ4xyrMdI3YHzWM,Referral,webatday.com / referral,KM4tyRY5cbLH767DI3O9
recJALn97t57g7Unb,YC,ycombinator.com / referral,AAy38qcm3RhsVufLcldv
recJEKwSLSMeS52k7,Referral,people.com / referral,vRLbGhzzXiADEqh9MmCu
recJF5SNE3vCCjttH,Referral,rediff.com / referral,vRLbGhzzXiADEqh9MmCu
recJFR1zhGT7bd3yM,Referral,usc-word-edit.officeapps.live.com / referral,AAy38qcm3RhsVufLcldv
recJHTNigvGqBKYjq,Email,hs_automation / email,tVykCSi0eBaAczJgkkfk
recJM75Tz1Tlce5AN,Others,gaingels.com / referral,H9Vh6bFTLZPkplGuJOLs
recJMCKcaMqnqM1xH,Facebook,m.facebook.com / referral,BZiyKCfDzVXTWDHxNSoB
recJMLd6A7sDIJlj7,Email,e-rides newsletter / email,NtV6Ynivm40Ip4h2LmaO
recJQ3YG61HfpNxvZ,Referral,online.seranking.com / referral,vRLbGhzzXiADEqh9MmCu
recJR0PUVWQZ2cexr,Direct,(direct) / (none),NtV6Ynivm40Ip4h2LmaO
recJTxbCr914Z7nDs,Others,webflow.com / referral,H9Vh6bFTLZPkplGuJOLs
recJWtqj5RfTsIbD9,Others,ca.search.yahoo.com / referral,AAy38qcm3RhsVufLcldv
recJZ0sJa71kdjdWG,Referral,manoramaonline.com / referral,vRLbGhzzXiADEqh9MmCu
recJeEUvTOX0Zwx9h,Referral,brandfetch.com / referral,KM4tyRY5cbLH767DI3O9
recJiNF98Sa5UMUdG,Referral,pinkvilla.com / referral,vRLbGhzzXiADEqh9MmCu
recJjLbg3M5CIpqXf,Others,asiaone.com / referral,H9Vh6bFTLZPkplGuJOLs
recJnmyax0G0LVu4V,Others,upptime / footer,KM4tyRY5cbLH767DI3O9
recJwBdeYBiEDoM4R,Referral,elpha.com / referral,AAy38qcm3RhsVufLcldv
recJwf41dfrwTkxKL,Loom,loom.com / referral,tVykCSi0eBaAczJgkkfk
recK24WwINZyWN9yV,Referral,arena.run / referral,AAy38qcm3RhsVufLcldv
recK3Je9g3dpR6oJC,Others,localhost:3000 / referral,rLd0UAtF7nscjHkEoZro
recK4L8BnyCIEuO9u,Linked In,lnkd.in / referral,vRLbGhzzXiADEqh9MmCu
recK8Y2M8YmZ9vBCR,Referral,in.pinterest.com / referral,vRLbGhzzXiADEqh9MmCu
recKC0zKzSmRx5rNx,Others,startpage.com / referral,KM4tyRY5cbLH767DI3O9
recKIYFpom6aO2JgY,Others,indiehackers.com / referral,tVykCSi0eBaAczJgkkfk
recKLqA1Diz2YVe3q,Referral,indianexpress-com.cdn.ampproject.org / referral,vRLbGhzzXiADEqh9MmCu
recKM8rfYlmBvQqlS,Facebook,facebook.com / referral,tVykCSi0eBaAczJgkkfk
recKMhidvuQNjtPjD,Others,keep.naver.com / referral,NtV6Ynivm40Ip4h2LmaO
recKOgGLPo0HT2nhz,Organic Search,yahoo / organic,NtV6Ynivm40Ip4h2LmaO
recKddFq4k81ymJ5X,Facebook,FB_Ads / Tiktok+3+---+Geo+Tier+1,H9Vh6bFTLZPkplGuJOLs
recKh9Dk6AFvfbl5i,Others,blackstonelaunchpad.org / referral,H9Vh6bFTLZPkplGuJOLs
recKkJdtxAtpz1ZJU,Referral,swiss.tech / referral,KM4tyRY5cbLH767DI3O9
recKruKEFXQXf5m5N,Facebook,FB / 90dEngagers,H9Vh6bFTLZPkplGuJOLs
recKznBLD9o1KbYHJ,Referral,deccanherald.com / referral,vRLbGhzzXiADEqh9MmCu
recLDIOXseNGeej9x,Referral,tarladalal.com / referral,vRLbGhzzXiADEqh9MmCu
recLFv6eZolLWvBps,Others,svb.crm.dynamics.com / referral,BZiyKCfDzVXTWDHxNSoB
recLMz82svYD3PLCR,Instagram,l.instagram.com / referral,NtV6Ynivm40Ip4h2LmaO
recLSz9nkR8Lqa0iz,Job Search,glassdoor.com / referral,KM4tyRY5cbLH767DI3O9
recLi4aMr0PA1S20r,Others,ssir.org / referral,rLd0UAtF7nscjHkEoZro
recLlSkIcc0Lk4q8b,Facebook,business.facebook.com / referral,H9Vh6bFTLZPkplGuJOLs
recLmRL3ZylNJbC8z,Others,vc.ru / referral,KM4tyRY5cbLH767DI3O9
recLnU7biWfhy3oX9,Referral,jobbio.com / referral,AAy38qcm3RhsVufLcldv
recLpJLfALT9XaMO2,Facebook,lm.facebook.com / referral,tVykCSi0eBaAczJgkkfk
recLpc6rF5tT8g7vj,Referral,stylecraze.com / referral,vRLbGhzzXiADEqh9MmCu
recLqrHhbFN2GGZcT,Others,localhost:3000 / referral,NtV6Ynivm40Ip4h2LmaO
recLvk9spjY0apnN7,Referral,burpsuite / referral,KM4tyRY5cbLH767DI3O9
recM2KfVag4YQ9ZEr,Others,app.bullhornstaffing.com / referral,rLd0UAtF7nscjHkEoZro
recM3shgG1O81Jzim,Organic Search,baidu / organic,rLd0UAtF7nscjHkEoZro
recM5FvbqtqRz3F9l,Others,billing.stripe.com / referral,KM4tyRY5cbLH767DI3O9
recM5yZZICkpPu9XN,Others,trinet.lightning.force.com / referral,BZiyKCfDzVXTWDHxNSoB
recM89HlX4fznYrPl,Organic Search,google / organic,vRLbGhzzXiADEqh9MmCu
recM8VWMrSCk1jFn5,Youtube,youtube.com / referral,rLd0UAtF7nscjHkEoZro
recM8qBanh2DG4Thh,Referral,brightside.me / referral,vRLbGhzzXiADEqh9MmCu
recM94HYgB5c1EW1l,Referral,aare-ventures.ch / referral,KM4tyRY5cbLH767DI3O9
recMI0ghWOImhpbwO,Others,keywordsearch.firstpromoter.com / referral,tVykCSi0eBaAczJgkkfk
recMLnDwtDtTsZxau,Facebook,FB_Ads / Others,H9Vh6bFTLZPkplGuJOLs
recMMOPSTq3TMklPB,Others,link.v1ce.co.uk / referral,BZiyKCfDzVXTWDHxNSoB
recMMdyolYc4T53J6,Google CPC,google / cpc,AAy38qcm3RhsVufLcldv
recMidbAAogLrJ9ql,Referral,weburlopener.com / referral,AAy38qcm3RhsVufLcldv
recMjbhzQbMqMpR2P,Facebook,facebook / (not set),KM4tyRY5cbLH767DI3O9
recMnEtnjKbj8xgYu,Referral,bellevue.nzz.ch / referral,KM4tyRY5cbLH767DI3O9
recMp7GUsdGCVOa2w,Referral,pharmacircle.com / referral,BZiyKCfDzVXTWDHxNSoB
recMqnakMnMU1aPvY,Referral,startupjohn.com / referral,AAy38qcm3RhsVufLcldv
recMtJKmTwrKo6wBQ,Others,directemail / influencerclub,H9Vh6bFTLZPkplGuJOLs
recNHf8HlohNuwWjr,Others,docusign.lightning.force.com / referral,KM4tyRY5cbLH767DI3O9
recNJoal3xi8bPumy,Referral,notify.bluecoat.com / referral,vRLbGhzzXiADEqh9MmCu
recNP4XnX4sKNUfsk,Instagram,igshopping / social,NtV6Ynivm40Ip4h2LmaO
recNQ4MhJYb3bAUVY,Forum Referral,eucguide.com / referral,NtV6Ynivm40Ip4h2LmaO
recNQ5Qqh0QIH342I,Facebook,FB_Ads / Michelle+Video+|+LAL,H9Vh6bFTLZPkplGuJOLs
recNRvrOsBlOm1nJf,Organic Search,bing / organic,rLd0UAtF7nscjHkEoZro
recNS2AZqMYswUv7u,Trustpilot,trustpilot / company_profile,KM4tyRY5cbLH767DI3O9
recNaZpukALULdWqT,Google CPC,google / cpc,vRLbGhzzXiADEqh9MmCu
recNf3r4PJKfTadno,Referral,a20d42df0a801e20982ff4d9a3188faf.safeframe.googlesyndication.com / referral,vRLbGhzzXiADEqh9MmCu
recNgvevUxuDpWXx2,Others,googlefreelistings / (not set),NtV6Ynivm40Ip4h2LmaO
recNja7Y4d3RGD3mQ,Blog,medium.com / referral,KM4tyRY5cbLH767DI3O9
recNkA5MU0IPdcGSH,Referral,petalsearch.com / referral,vRLbGhzzXiADEqh9MmCu
recNkEso4FvoTOh17,Others,localhost:3000 / referral,KM4tyRY5cbLH767DI3O9
recNlPKr56Xhgm1nF,Referral,cleverclipstudios-com.cdn.ampproject.org / referral,KM4tyRY5cbLH767DI3O9
recNlRr5hMFVWj9Ch,Facebook,FB_Ads / {{placement}},H9Vh6bFTLZPkplGuJOLs
recNmHp9wRmUv2FVT,Organic Search,duckduckgo / organic,H9Vh6bFTLZPkplGuJOLs
recNmSIVUjSftSJMm,Others,analytics.google.com / referral,H9Vh6bFTLZPkplGuJOLs
recNnQavVsWY6NyKq,Others,secure.helpscout.net / referral,AAy38qcm3RhsVufLcldv
recNoGiFBdpx0CUKv,Referral,anandchowdhary.com / website,KM4tyRY5cbLH767DI3O9
recNvezOmNZwTIDqw,Others,optimize.google.com / referral,H9Vh6bFTLZPkplGuJOLs
recNzMRfuirELPs1E,Referral,nkmedia.pipedrive.com / referral,KM4tyRY5cbLH767DI3O9
recO2M7tv9VwTp4tv,Twitter,t.co / referral,rLd0UAtF7nscjHkEoZro
recO2mK2KN3Qes0OU,Referral,de-circuly-io.translate.goog / referral,KM4tyRY5cbLH767DI3O9
recOEmUSmJ4ybadWO,Referral,keep.google.com / referral,vRLbGhzzXiADEqh9MmCu
recOM6arELiQG5kTH,G2,g2.com / referral,AAy38qcm3RhsVufLcldv
recOQQMjiE1GE6mm7,Organic Search,bing / organic,BZiyKCfDzVXTWDHxNSoB
recOYWa38DfKnQOuf,Referral,2e7df494493428270f76f0fa81877b25.safeframe.googlesyndication.com / referral,vRLbGhzzXiADEqh9MmCu
recOZWVNRPnHWmNiv,Referral,cleverst.com / referral,vRLbGhzzXiADEqh9MmCu
recOh6yXw8z2YcMN6,Others,play.google.com / referral,AAy38qcm3RhsVufLcldv
recOo0l2XFggA8xaa,Referral,telugu-samayam-com.cdn.ampproject.org / referral,vRLbGhzzXiADEqh9MmCu
recOv7MLadloxuTCp,Referral,pabiolounge.dev / referral,KM4tyRY5cbLH767DI3O9
recOxIJIK2bBpR9NS,Referral,ighome.com / referral,AAy38qcm3RhsVufLcldv
recP41rIzleDQ8h8L,Google CPC,googleads.g.doubleclick.net / referral,vRLbGhzzXiADEqh9MmCu
recP5prB0FXQeY28w,Referral,espritroue.fr / referral,NtV6Ynivm40Ip4h2LmaO
recPAffK4bSOlnchk,Referral,coda.io / referral,KM4tyRY5cbLH767DI3O9
recPDu0SCJtjEDyLH,Others,touchdown / logo-link,KM4tyRY5cbLH767DI3O9
recPLNLBNFN2Gedp7,Email,getresponse / email,KM4tyRY5cbLH767DI3O9
recPM0FctbqqWkfEF,Organic Search,sogou / organic,AAy38qcm3RhsVufLcldv
recPNTw9MDWn08O1v,Others,datadog.my.salesforce.com / referral,AAy38qcm3RhsVufLcldv
recPOVAzsQv6bBU8n,Others,app.bullhornstaffing.com / referral,AAy38qcm3RhsVufLcldv
recPjCElULsl931ke,Referral,zavorio.com / referral,KM4tyRY5cbLH767DI3O9
recPmjXZOL5OQ6cG7,Referral,openurls.com.cn / referral,AAy38qcm3RhsVufLcldv
recPqFZBw6gaVcpWw,Email,email / fvtabghef,KM4tyRY5cbLH767DI3O9
recPqgVcg5ei6YmZt,Organic Search,baidu / organic,BZiyKCfDzVXTWDHxNSoB
recPzXHVfKiZlYvQ6,Others,svbsignon.svb.com / referral,BZiyKCfDzVXTWDHxNSoB
recQ2pxsJAAjmHBNX,Referral,goodhousekeeping.com / referral,vRLbGhzzXiADEqh9MmCu
recQ4xkFN38I3gfME,Referral,nebenan.lightning.force.com / referral,KM4tyRY5cbLH767DI3O9
recQ6snSZBBYadjoy,Blog,medium.com / referral,H9Vh6bFTLZPkplGuJOLs
recQ7A4ewu97ihlAF,Others,immoscout24 / listing_link,KM4tyRY5cbLH767DI3O9
recQA2CAwgZlnomq1,Payment,signup.laybuy.com / referral,NtV6Ynivm40Ip4h2LmaO
recQNeGcfH4JvqN5Q,Referral,strapi.io / referral,KM4tyRY5cbLH767DI3O9
recQQMH5YKACbSf4s,Reddit,reddit.com / referral,H9Vh6bFTLZPkplGuJOLs
recQVEApLkJ0LOFWY,Organic Search,ecosia.org / organic,H9Vh6bFTLZPkplGuJOLs
recQVkbkKqS117Z2D,Referral,rithmschool.com / referral,AAy38qcm3RhsVufLcldv
recQYtS7yK4Qr0eDc,Referral,groups.google.com / referral,KM4tyRY5cbLH767DI3O9
recQixE3x8wgqQWDr,Others,feedly.com / referral,BZiyKCfDzVXTWDHxNSoB
recQkhhk7fue5KtLl,Referral,www-ndtv-com.cdn.ampproject.org / referral,vRLbGhzzXiADEqh9MmCu
recQu55ZFzSsJwQab,Facebook,facebook.com / referral,H9Vh6bFTLZPkplGuJOLs
recQwzSt51Fmjxmhu,Referral,algolia.lightning.force.com / referral,KM4tyRY5cbLH767DI3O9
recQyMl8O6jO8wi5Z,Referral,ph.search.yahoo.com / referral,AAy38qcm3RhsVufLcldv
recR4bV2gH2KNloG0,Referral,strategyr.com / referral,AAy38qcm3RhsVufLcldv
recRDpTy8pQeGZesj,Referral,s3arch.page / referral,AAy38qcm3RhsVufLcldv
recRGvB51pXTTL3FZ,Referral,rich-v01.bluewin.ch / referral,KM4tyRY5cbLH767DI3O9
recRHLsiUwqyU2Yxy,Payment,pay.google.com / referral,NtV6Ynivm40Ip4h2LmaO
recRTEvukkcfagKF1,Referral,news-abplive-com.cdn.ampproject.org / referral,vRLbGhzzXiADEqh9MmCu
recRVPBQtDPIpXLTm,Others,eu-startups.com / referral,KM4tyRY5cbLH767DI3O9
recRVl77WpwABko81,Referral,55aac586168d9129bda15ca5e35449d1.safeframe.googlesyndication.com / referral,vRLbGhzzXiADEqh9MmCu
recRXAXxRad9I7Heh,Others,apps.apple.com / referral,H9Vh6bFTLZPkplGuJOLs
recRXl8xwGTlGHheW,Google Classroom,classroom.google.com / referral,AAy38qcm3RhsVufLcldv
recRkDZsq5n59ds4G,Others,greenlightguru.lightning.force.com / referral,BZiyKCfDzVXTWDHxNSoB
recRnEEuGZxI4uRBd,Others,globaliso.lightning.force.com / referral,KM4tyRY5cbLH767DI3O9
recRvVdhwtsNsGGin,Facebook,ads / facebookinstagram,vRLbGhzzXiADEqh9MmCu
recRxl87IgECUW87K,Organic Search,sogou / organic,vRLbGhzzXiADEqh9MmCu
recS1E3RcoM74OfNe,Referral,taxguru-in.cdn.ampproject.org / referral,vRLbGhzzXiADEqh9MmCu
recS1nH7wcBogDq9I,Referral,whatshot.in / referral,vRLbGhzzXiADEqh9MmCu
recS4Thn0VQOlw09k,Referral,mobilesearchers.com / referral,AAy38qcm3RhsVufLcldv
recSQ9GPRmE1Fk0EZ,Facebook,FB_Ads / Instagram_Stories,H9Vh6bFTLZPkplGuJOLs
recSRk1oQ1f9lbeLX,Referral,sparrowventures.lightning.force.com / referral,KM4tyRY5cbLH767DI3O9
recSgUffxa0coVgfv,Referral,qwant.com / organic,AAy38qcm3RhsVufLcldv
recSjD29x8YW4Khel,Organic Search,qwant.com / organic,BZiyKCfDzVXTWDHxNSoB
recSkSJLUC1LA0NXs,Referral,app.postaga.com / referral,AAy38qcm3RhsVufLcldv
recT4Y43cqJ1reRVl,Facebook,FB_Ads / MoF+-+TikTok,H9Vh6bFTLZPkplGuJOLs
recT8lRrhMvr5w3GG,Upwork,upwork.com / referral,rLd0UAtF7nscjHkEoZro
recTCtphHSxnWkS52,Tech Crunch,techcrunch.com / referral,H9Vh6bFTLZPkplGuJOLs
recTLuJOTaEHrk0zt,Referral,joaquinmencia.substack.com / referral,KM4tyRY5cbLH767DI3O9
recTNOyWg7HKIl9Lc,Referral,fundoodata.com / referral,vRLbGhzzXiADEqh9MmCu
recTR683XHRaNVtVP,Google CPC,google / cpc,BZiyKCfDzVXTWDHxNSoB
recTSTeqjfDlxtE8a,News,techcrunch.com / referral,vRLbGhzzXiADEqh9MmCu
recTTxaSD7CtWKUSd,Referral,newspointapp.com / referral,vRLbGhzzXiADEqh9MmCu
recTUJMZ1qtF9pyXA,Referral,volition.creatio.com / referral,KM4tyRY5cbLH767DI3O9
recTcpO8LBexwWCOc,Direct,(direct) / (none),rLd0UAtF7nscjHkEoZro
recTdRlrGehS2eEau,Others,rippling.lightning.force.com / referral,BZiyKCfDzVXTWDHxNSoB
recTeEJI95aYqCJs7,Referral,amoeboids.atlassian.net / referral,vRLbGhzzXiADEqh9MmCu
recTnAKP5k43wwtUn,YC,yc / link,KM4tyRY5cbLH767DI3O9
recTyTF7HLuuFtDZM,Referral,css-tricks.com / referral,KM4tyRY5cbLH767DI3O9
recTzBDHNcSqYrStN,Facebook,l.facebook.com / referral,AAy38qcm3RhsVufLcldv
recU1cMjXbtvq95jd,Referral,tutorialspoint.com / referral,vRLbGhzzXiADEqh9MmCu
recU7DYYwpSHtnnGP,Facebook,facebook.com / referral,AAy38qcm3RhsVufLcldv
recUBMMqNQqrt5ZSu,Referral,tv9kannada.com / referral,vRLbGhzzXiADEqh9MmCu
recUCTfWJwieepcI7,Organic Search,us.search.yahoo.com / referral,AAy38qcm3RhsVufLcldv
recUHSp1FLWvL8vlq,Referral,ventureradar.com / referral,AAy38qcm3RhsVufLcldv
recUK5SiSmpAJj07T,Referral,thewowstyle.com / referral,vRLbGhzzXiADEqh9MmCu
recUcgjix5RS8EUX7,Others,summari / (not set),KM4tyRY5cbLH767DI3O9
recUhkMrOaH2pJbfd,Referral,hotdeals.com / referral,NtV6Ynivm40Ip4h2LmaO
recUq2CmyPL6srYSc,Others,optimize.google.com / referral,KM4tyRY5cbLH767DI3O9
recUwiZsigplLlbT1,Others,applecrm.corp.apple.com / referral,BZiyKCfDzVXTWDHxNSoB
recV0qDfM4oxkuuaC,YC,bookface.ycombinator.com / referral,KM4tyRY5cbLH767DI3O9
recV5b82dK0wtDsJK,Referral,theprint.in / referral,vRLbGhzzXiADEqh9MmCu
recV6YrzqMFH6HYz2,Referral,eastbournegroup.com / referral,BZiyKCfDzVXTWDHxNSoB
recVAdvydOZqAu2Vj,Referral,m.searchportal.co / referral,KM4tyRY5cbLH767DI3O9
recVDUi89x8XZfUZG,Facebook,lm.facebook.com / referral,AAy38qcm3RhsVufLcldv
recVFFSRDJYbj4faK,Referral,brokenlinkcheck.com / referral,AAy38qcm3RhsVufLcldv
recVPAhhGyLVwjWZ3,Organic Search,yandex.kz / referral,AAy38qcm3RhsVufLcldv
recVTIW0uhoteWqH6,Referral,fomo / notification,tVykCSi0eBaAczJgkkfk
recVcGt4ze88D5Ywd,YC,ycombinator.com / referral,vRLbGhzzXiADEqh9MmCu
recVeKVrcDy1fHuee,Referral,instahyre.com / referral,vRLbGhzzXiADEqh9MmCu
recViXYRu6AqS9eNa,Referral,ventureradar.com / referral,BZiyKCfDzVXTWDHxNSoB
recW0cV9798tXKf83,Facebook,FB / Conversions,H9Vh6bFTLZPkplGuJOLs
recW26OzOaNKs8HC8,Others,prasanna.srikhanta.com / referral,H9Vh6bFTLZPkplGuJOLs
recW2c8jq7trBteGR,Alem Health Internal,alemhealth.firstpromoter.com / referral,rLd0UAtF7nscjHkEoZro
recW36GqQkhnDVBVH,Referral,scroll.in / referral,vRLbGhzzXiADEqh9MmCu
recW3hvGOa3tYOeq3,Referral,staging.salesflare.com / referral,AAy38qcm3RhsVufLcldv
recW4Mz5bH4bvUQZ7,Others,cn.bing.com / referral,AAy38qcm3RhsVufLcldv
recW8ZUHi3Xcy35rc,Referral,g2netview.com / referral,AAy38qcm3RhsVufLcldv
recW8dNQK2eYffvGh,Organic Search,ca.search.yahoo.com / referral,BZiyKCfDzVXTWDHxNSoB
recWBFyM463pASWNY,Others,webrazzi.com / referral,KM4tyRY5cbLH767DI3O9
recWD1xC4Z04TTO3v,Referral,live-45.wati.io / referral,vRLbGhzzXiADEqh9MmCu
recWDyXAAAcTRGYhb,Organic Search,search.pch.com / referral,NtV6Ynivm40Ip4h2LmaO
recWFiEXVutQmOWOG,Email,mail.google.com / referral,KM4tyRY5cbLH767DI3O9
recWIEbXlpkHpBJmL,Organic Search,yandex.ru / referral,NtV6Ynivm40Ip4h2LmaO
recWLwTnaoe4URgX0,Referral,kr.toolszen.com / referral,AAy38qcm3RhsVufLcldv
recWNwK9WlQd46Bem,Youtube,m.youtube.com / referral,vRLbGhzzXiADEqh9MmCu
recWQA55HYp4E1K3B,Referral,webstories-makestories-in.cdn.ampproject.org / referral,vRLbGhzzXiADEqh9MmCu
recWVAdZderEhmvsq,Others,play.google.com / referral,rLd0UAtF7nscjHkEoZro
recWkWtW1I5Ip9U8z,Referral,cdn-af.feednews.com / referral,KM4tyRY5cbLH767DI3O9
recWknSJ6ePMQTt1A,Organic Search,ecosia.org / organic,AAy38qcm3RhsVufLcldv
recWku0GOsUfm2C0D,Organic Search,baidu / organic,KM4tyRY5cbLH767DI3O9
recWr8tQeFyNcpNXp,Linked In,linkedin.com / referral,tVykCSi0eBaAczJgkkfk
recX0ow2DIq0Sbdp2,Others,poczta.wp.pl / referral,NtV6Ynivm40Ip4h2LmaO
recX2D7hpCWLapytc,Referral,startagist.com / referral,vRLbGhzzXiADEqh9MmCu
recX2oRrMbufwMtsA,Others,rts.pitchbook.com / referral,KM4tyRY5cbLH767DI3O9
recX62z7nxyWf3UZE,Youtube,youtube.com / referral,tVykCSi0eBaAczJgkkfk
recX6sAlRNBmj6n9k,Referral,pabiolounge.com / referral,KM4tyRY5cbLH767DI3O9
recXGuqYwt7Woq3zA,Referral,lawtrend-in.cdn.ampproject.org / referral,vRLbGhzzXiADEqh9MmCu
recXRXiHo46QeyBg0,Referral,sourcescrub.com / referral,vRLbGhzzXiADEqh9MmCu
recXddUojKOvGvFbD,Others,aws-crm.my.salesforce.com / referral,KM4tyRY5cbLH767DI3O9
recXjKYDhCr6NrYZo,Referral,Swisspreneur Monthly Digest / email,KM4tyRY5cbLH767DI3O9
recXoyYwV0tpaisWU,Youtube,m.youtube.com / referral,tVykCSi0eBaAczJgkkfk
recXpiizPSe7pJz0U,Referral,yclist.co / referral,vRLbGhzzXiADEqh9MmCu
recY59pRa0xqxvhW6,Referral,19bc8204a385ff885714b5f9b2b67e20.safeframe.googlesyndication.com / referral,vRLbGhzzXiADEqh9MmCu
recYBk4ncZHtC3p9u,Linked In,linkedin.com / referral,KM4tyRY5cbLH767DI3O9
recYGAyph4w5uTNyd,Referral,upptime.js.org / referral,KM4tyRY5cbLH767DI3O9
recYHB3LwJkOhR7f5,News,techcrunch-com.cdn.ampproject.org / referral,KM4tyRY5cbLH767DI3O9
recYNgQs7dWQv6dbi,Others,shimmer-e6c21c.webflow.io / referral,H9Vh6bFTLZPkplGuJOLs
recYV7lMY4DWWyE6G,Referral,rich-v02.bluewin.ch / referral,KM4tyRY5cbLH767DI3O9
recYYtmQw6vV8luEP,Referral,remoteworkhub.com / referral,KM4tyRY5cbLH767DI3O9
recYlI2arjeC2QfaJ,Others,wpg.lightning.force.com / referral,BZiyKCfDzVXTWDHxNSoB
recYp06JUNhCgptxs,Referral,search.aol.co.uk / referral,AAy38qcm3RhsVufLcldv
recYwLRjZZDGxGPVx,Referral,trello.com / referral,tVykCSi0eBaAczJgkkfk
recYwQDx4ragGbbPP,Direct,(direct) / (none),vRLbGhzzXiADEqh9MmCu
recYzb3ikrY8jdWPB,Referral,trysavvy.com / referral,AAy38qcm3RhsVufLcldv
recZ6yTwpBHcETbMX,Referral,npmjs.com / referral,KM4tyRY5cbLH767DI3O9
recZ7HpyyDzqja5DV,Referral,c4d2e9b616a4a340daac8a33067abe5f.safeframe.googlesyndication.com / referral,vRLbGhzzXiADEqh9MmCu
recZBgR5vkpdIpGPq,Referral,statics.teams.cdn.office.net / referral,AAy38qcm3RhsVufLcldv
recZFOm1WWMkHLjuo,Referral,www-onmanorama-com.cdn.ampproject.org / referral,vRLbGhzzXiADEqh9MmCu
recZN2g0mitfA30n9,Referral,s.newsearchers.com / referral,AAy38qcm3RhsVufLcldv
recZNpi6Xh6W5w437,Referral,jobs.initialized.com / referral,AAy38qcm3RhsVufLcldv
recZRGx2YlpvJieS1,Others,dashboard.lusha.com / referral,AAy38qcm3RhsVufLcldv
recZURGgiwN8E4WAC,Others,startupsg.gov.sg / referral,rLd0UAtF7nscjHkEoZro
recZeMAoCzR91rg3M,Referral,dealflow.edda.co / referral,KM4tyRY5cbLH767DI3O9
recZh2gGnW12fIkWV,Facebook,facebook / paidsocial,KM4tyRY5cbLH767DI3O9
recZjersBQTQJ96co,Referral,llc.lightning.force.com / referral,vRLbGhzzXiADEqh9MmCu
recZoz5GsrRsHq3aU,Referral,5c1d64afffb7ed49e3d9a733b8fc834d.safeframe.googlesyndication.com / referral,vRLbGhzzXiADEqh9MmCu
recZqeg6ENLfHm9FH,Referral,QMWBG2XpgY / (not set),AAy38qcm3RhsVufLcldv
recZvaNb41LJNZHW2,Referral,5f41ac72aa24b197653be6c85edd9262.safeframe.googlesyndication.com / referral,vRLbGhzzXiADEqh9MmCu
recZxBl4paDiXu9Si,Others,accounts.google.com / referral,AAy38qcm3RhsVufLcldv
recZzIYxrD3seaM6C,Referral,underconsideration.com / referral,KM4tyRY5cbLH767DI3O9
reca1UmFB7QRw3bJX,News,techcrunch-com.cdn.ampproject.org / referral,vRLbGhzzXiADEqh9MmCu
reca7oNiIcOukSKO8,Organic Search,uk.search.yahoo.com / referral,NtV6Ynivm40Ip4h2LmaO
reca89g8VKZcVKK5q,Referral,m.nearbyme.io / referral,AAy38qcm3RhsVufLcldv
recaDUxG0KsY5qPlt,Referral,b265588bde3b6cb7b30784c5e4a645b3.safeframe.googlesyndication.com / referral,vRLbGhzzXiADEqh9MmCu
recaNR33jX8NOmTaa,Others,index.zillionize.com / referral,BZiyKCfDzVXTWDHxNSoB
recaODlWB5vqY5xH0,Referral,sogou.com / referral,AAy38qcm3RhsVufLcldv
recaPcOJOPyh3waqa,Facebook,m.facebook.com / referral,AAy38qcm3RhsVufLcldv
recaPtoh8FooscGBV,Facebook,FB_Ads / Facebook_Desktop_Feed,H9Vh6bFTLZPkplGuJOLs
recaa61ekhhPenOxN,Facebook,fb / cpc,tVykCSi0eBaAczJgkkfk
recadO1Kh1M95bLtF,Others,pillar.vc / referral,H9Vh6bFTLZPkplGuJOLs
recaqGcwSpsAHHq8r,Others,www-geekwire-com.cdn.ampproject.org / referral,BZiyKCfDzVXTWDHxNSoB
recb1UtKX0ZybFSX2,Referral,login.microsoftonline.com / referral,KM4tyRY5cbLH767DI3O9
recb7fNy3mt9utN6p,Referral,cloud.jingdata.com / referral,KM4tyRY5cbLH767DI3O9
recbDGrR6PkTrgevB,Others,sourcescrub.com / referral,BZiyKCfDzVXTWDHxNSoB
recbFnWZVqqXn3lbl,Others,linktr.ee / referral,H9Vh6bFTLZPkplGuJOLs
recbY9jX564w0cMKx,Referral,pch.com / referral,AAy38qcm3RhsVufLcldv
recbZ32vMrBFaUQSG,Referral,initialized.com / referral,AAy38qcm3RhsVufLcldv
recbZoe5jnaTGYqhi,Referral,newsbytesapp.com / referral,vRLbGhzzXiADEqh9MmCu
recbixYvHrB2NImIp,Others,github.com / referral,KM4tyRY5cbLH767DI3O9
recbpEb8nZRSPoemM,Email,newsletter / cta,KM4tyRY5cbLH767DI3O9
recbrrkM41b4Ajd68,Others,yclist.com / referral,rLd0UAtF7nscjHkEoZro
recbwdkITkGQU8Yss,Referral,jsremotely.com / referral,KM4tyRY5cbLH767DI3O9
recbwx2myc834CT2e,Organic Search,google / organic,KM4tyRY5cbLH767DI3O9
recbxPzxhBXydsxxm,YC,ycombinator.com / referral,rLd0UAtF7nscjHkEoZro
recc3Q1I4Sox66rD3,Organic Search,duckduckgo / organic,BZiyKCfDzVXTWDHxNSoB
reccAygkt0T1i21UM,Referral,tv9kannada-com.cdn.ampproject.org / referral,vRLbGhzzXiADEqh9MmCu
reccEBKgdlH9D4PWD,Others,laybuy / shop-directory,NtV6Ynivm40Ip4h2LmaO
reccKFtdYeK4cCS1O,Facebook,m.facebook.com / referral,vRLbGhzzXiADEqh9MmCu
reccLNuoiuDV2nfqo,Referral,techstartups.com / referral,KM4tyRY5cbLH767DI3O9
reccMTYoQyjAHzzPV,Facebook,ads / facebook--instagram,vRLbGhzzXiADEqh9MmCu
reccNCO4bAHE3IP4Q,Referral,subdomainfinder.c99.nl / referral,KM4tyRY5cbLH767DI3O9
reccO9etHzNu8yhgc,Facebook,{{facebook}} / Carousel+-+Geo+Tier+1,H9Vh6bFTLZPkplGuJOLs
reccOwr6EjfH8Gy3F,Others,client.nlc.com / referral,tVykCSi0eBaAczJgkkfk
reccPs0SvNduhYGTU,Others,mk-vc.xalimo.com / referral,H9Vh6bFTLZPkplGuJOLs
reccT8Ak5GxRSapvf,Facebook,l.facebook.com / referral,BZiyKCfDzVXTWDHxNSoB
reccXMUktwoujJCx0,Referral,siftscience.lightning.force.com / referral,KM4tyRY5cbLH767DI3O9
reccYaUNvmIhrvBfF,Forum Referral,forum.electricunicycle.org / referral,NtV6Ynivm40Ip4h2LmaO
reccbd79qu4AHMm1d,Upwork,upwork.com / referral,tVykCSi0eBaAczJgkkfk
recccZQdfV8q3MfTR,Referral,mountain.studio / referral,vRLbGhzzXiADEqh9MmCu
reccgqUFL8zpWTRMJ,Others,keep.google.com / referral,AAy38qcm3RhsVufLcldv
reccrGSprvHWAl4xf,Facebook,facebook / cpc,KM4tyRY5cbLH767DI3O9
reccrtG4sEDt8e1Jp,Deal Room,app.dealroom.co / referral,KM4tyRY5cbLH767DI3O9
reccrwBBKcc7m2auA,Referral,clickjacker.io / referral,KM4tyRY5cbLH767DI3O9
recct8Fy66VvWcEFi,Others,docs.google.com / referral,AAy38qcm3RhsVufLcldv
reccv386ToXNb08w8,YC,bookface.ycombinator.com / referral,AAy38qcm3RhsVufLcldv
reccxbeDM4Xt9rjSE,Others,ampproject.org / referral,NtV6Ynivm40Ip4h2LmaO
reccxoRJiXRp4iCPA,Referral,mail.google.com / referral,AAy38qcm3RhsVufLcldv
recd9M0zyVfPBzZsQ,Referral,webextract.profound.net / referral,vRLbGhzzXiADEqh9MmCu
recdIzCuBXTtWv75N,Referral,explodingtopics.com / referral,KM4tyRY5cbLH767DI3O9
recdLdq8JQG2dLuFS,Organic Search,lens.google.com / referral,KM4tyRY5cbLH767DI3O9
recdYha91dtLVXew5,Others,fastfounder.ru / referral,rLd0UAtF7nscjHkEoZro
recda1GqfBhQgJwGG,Referral,ronorp.net / referral,KM4tyRY5cbLH767DI3O9
recdbWPLeX35MQYe3,Facebook,FB_Ads / Instagram_Feed,H9Vh6bFTLZPkplGuJOLs
recdfO7dyLTiTV7gz,Referral,old.pabiolounge.com / referral,KM4tyRY5cbLH767DI3O9
recdgndLbpmiwZGgh,Referral,www-healthshots-com.cdn.ampproject.org / referral,vRLbGhzzXiADEqh9MmCu
recdoS7N5yxJXZlss,Google CPC,adwords / ppc,tVykCSi0eBaAczJgkkfk
recdr8NsLdTS0lRDP,Referral,leaf.cloud / referral,KM4tyRY5cbLH767DI3O9
recduF5BWhxp0Nnw7,Others,app.asana.com / referral,AAy38qcm3RhsVufLcldv
recdvVlnwLZAtGQXv,Google CPC,google / cpc,H9Vh6bFTLZPkplGuJOLs
recdwAY9wZeK774Kx,Referral,intercom.lightning.force.com / referral,KM4tyRY5cbLH767DI3O9
recdxayUA8jSo2LmZ,Organic Search,ecosia.org / organic,rLd0UAtF7nscjHkEoZro
recdy6vmKCDNoRh6n,Organic Search,google / organic,H9Vh6bFTLZPkplGuJOLs
rece04XVbpWzAJBUc,Referral,hometalk.com / referral,vRLbGhzzXiADEqh9MmCu
rece701M0NcXq4lyt,Others,app.ahrefs.com / referral,AAy38qcm3RhsVufLcldv
rece7GU716XrOa1vr,Google Doc,docs.google.com / referral,KM4tyRY5cbLH767DI3O9
receFXcla05syaBtz,YC,bookface.ycombinator.com / referral,H9Vh6bFTLZPkplGuJOLs
receGCJLWpNhFqGUF,Referral,malayalam-boldsky-com.cdn.ampproject.org / referral,vRLbGhzzXiADEqh9MmCu
receIQA63wV8zILyO,Referral,targetscreening.accenture.com / referral,KM4tyRY5cbLH767DI3O9
receLklHTxM52x2qW,Others,datadog.my.salesforce.com / referral,KM4tyRY5cbLH767DI3O9
receMd4tsKaY0Esdk,Organic Search,google / organic,tVykCSi0eBaAczJgkkfk
receNjcgWzNQhuoq3,Others,(not set) / (not set),tVykCSi0eBaAczJgkkfk
receUm640iHh6gHT8,Others,saashub / marketplace,KM4tyRY5cbLH767DI3O9
receXlqOn7SqrLuiE,Facebook,l.messenger.com / referral,H9Vh6bFTLZPkplGuJOLs
receXvclbSWsHL01Y,Others,angel.co / referral,KM4tyRY5cbLH767DI3O9
recejbtbNZFBB6g1v,Others,kimblog.top / referral,BZiyKCfDzVXTWDHxNSoB
recekLt4MY9FJ7eZF,Referral,www-lyricsstory-net.cdn.ampproject.org / referral,vRLbGhzzXiADEqh9MmCu
recelJ9F1CTr7GDLs,Referral,vijaykarnataka-com.cdn.ampproject.org / referral,vRLbGhzzXiADEqh9MmCu
recelxEDWOcQ0ODCy,Linked In,linkedin.com / referral,vRLbGhzzXiADEqh9MmCu
recexkFvEngfWby0k,Referral,levikeswick.com / referral,vRLbGhzzXiADEqh9MmCu
recezsXz8SE5jKo2d,Facebook,FB_Ads / Facebook_Marketplace,H9Vh6bFTLZPkplGuJOLs
recf0cjOtRDthR6QI,Referral,www-koimoi-com.cdn.ampproject.org / referral,vRLbGhzzXiADEqh9MmCu
recf2GKkf2nHVfDoQ,Trustpilot,products.trustpilot.com / referral,NtV6Ynivm40Ip4h2LmaO
recfA53u4fxWhPQUT,Referral,indiatvnews.com / referral,vRLbGhzzXiADEqh9MmCu
recfEdcI2VPWQhozG,Referral,pabio.chargebee.com / referral,KM4tyRY5cbLH767DI3O9
recfFnX6Wy7kcfxim,Referral,www-zoomtventertainment-com.cdn.ampproject.org / referral,vRLbGhzzXiADEqh9MmCu
recfGYMIftoZyQzyD,Referral,admin.recotap.com / referral,vRLbGhzzXiADEqh9MmCu
recfKH2BjOW7RP0Vx,Referral,mobilesearchers.com / referral,KM4tyRY5cbLH767DI3O9
recfPo9XAaN0rbrG8,Referral,www-opindia-com.cdn.ampproject.org / referral,vRLbGhzzXiADEqh9MmCu
recfXHWO1YNHM52ss,Others,app.ahrefs.com / referral,H9Vh6bFTLZPkplGuJOLs
recfa3z1xvPj8xQWa,Referral,mihir.ch / referral,KM4tyRY5cbLH767DI3O9
recfbklk9s4qQEchB,Organic Search,m.baidu.com / referral,tVykCSi0eBaAczJgkkfk
recfdRpFkHk74Obfs,Payment,pay.laybuy.com / referral,NtV6Ynivm40Ip4h2LmaO
recfe5KIZFSvnQQHr,Twitter,twitter / numero,AAy38qcm3RhsVufLcldv
recfi7mXdNisXoh8F,Others,cn.bing.com / referral,BZiyKCfDzVXTWDHxNSoB
recfiA4wxzHwl8lY5,Organic Search,bing / organic,KM4tyRY5cbLH767DI3O9
recfm9vQ4khY9hD5V,Organic Search,yandex.by / referral,KM4tyRY5cbLH767DI3O9
recfuPscjlxSfxtu3,Others,zeptox.rightapp.io / referral,BZiyKCfDzVXTWDHxNSoB
recfyoJ9Hgd8ZY8IA,Facebook,facebook / online_advertising,KM4tyRY5cbLH767DI3O9
recg8lctyqEZXJn0R,Referral,www-informalnewz-com.cdn.ampproject.org / referral,vRLbGhzzXiADEqh9MmCu
recgA7pMMB3N06Dxw,Payment,paypal.com / referral,NtV6Ynivm40Ip4h2LmaO
recgBQhRgdMvHAgvD,Others,oswaldlabs / banner,KM4tyRY5cbLH767DI3O9
recgGNEXa8BubzloQ,Facebook,{{facebook}} / Tiktok 3 -- Geo Tier 2,H9Vh6bFTLZPkplGuJOLs
recgJlc9m4TIh0zwV,Facebook,lm.facebook.com / referral,NtV6Ynivm40Ip4h2LmaO
recgKpLj5o4tJjxc7,Organic Search,sg.search.yahoo.com / referral,AAy38qcm3RhsVufLcldv
recgNzgACh74BYanV,Referral,googleapis.com / referral,vRLbGhzzXiADEqh9MmCu
recgSeQRZowPCzBnX,Facebook,m.facebook.com / referral,H9Vh6bFTLZPkplGuJOLs
recgavXJnr8tcMmwT,Organic Search,ecosia.org / organic,BZiyKCfDzVXTWDHxNSoB
recgbdtplGUJXcIDD,Referral,m.timesofindia.com / referral,vRLbGhzzXiADEqh9MmCu
recgc7moiLHDJmtWr,Referral,4b6d0a02b2e97cfc1290b53bbdc54e82.safeframe.googlesyndication.com / referral,vRLbGhzzXiADEqh9MmCu
recggzXas1OXfEmeQ,Facebook,l.facebook.com / referral,H9Vh6bFTLZPkplGuJOLs
recghJI4cBIaO4ztq,Others,tools.theabisgroup.com / referral,BZiyKCfDzVXTWDHxNSoB
recgiIVV8ptgy3gK4,Others,development_mode / cta_to_pabio,KM4tyRY5cbLH767DI3O9
recgmdra2kcksPvDH,Twitter,t.co / referral,AAy38qcm3RhsVufLcldv
recgqo0uqC3k3sv0w,Referral,carthrottle.com / referral,AAy38qcm3RhsVufLcldv
recgvv4ohBTY7YLd7,Facebook,FB_Ads / Instagram_Explore,H9Vh6bFTLZPkplGuJOLs
recgxw6bxfbdfbs8k,Referral,staging.pabiostatus.com / referral,KM4tyRY5cbLH767DI3O9
rech1zpBgNtctl6Gp,Others,168.126.130.229 / referral,BZiyKCfDzVXTWDHxNSoB
rech2O7OPHaQytnxO,Facebook,facebook.com / referral,rLd0UAtF7nscjHkEoZro
rech5JIjyS7vFpmN1,Alem Health Internal,connect.alem.health / referral,rLd0UAtF7nscjHkEoZro
rech5NxLOfTpIumnW,Referral,d8126280ecee7cd87d166598c5a51fed.safeframe.googlesyndication.com / referral,vRLbGhzzXiADEqh9MmCu
rech5qBjlTAkjAso7,Forum Referral,techguysmartbuy.com / referral,NtV6Ynivm40Ip4h2LmaO
rech7wo0CQzHIJLQZ,Referral,ltf.jooble.com / referral,AAy38qcm3RhsVufLcldv
rech8OieBhyW8yPFF,Referral,yummytummyaarthi.com / referral,vRLbGhzzXiADEqh9MmCu
rechCDTJIx1JIjdqM,Facebook,lm.facebook.com / referral,KM4tyRY5cbLH767DI3O9
rechDEHLocvTRUw9X,Referral,hn.algolia.com / referral,AAy38qcm3RhsVufLcldv
rechExSHZJVIApkzT,Referral,my-account.isahit.com / referral,KM4tyRY5cbLH767DI3O9
rechGd72qQJNyTaH7,Referral,olx.in / referral,vRLbGhzzXiADEqh9MmCu
rechKw3tABHjHnl5c,Facebook,l.facebook.com / referral,rLd0UAtF7nscjHkEoZro
rechVwd4JYhcWG12W,Referral,beautynfashionblog.com / referral,vRLbGhzzXiADEqh9MmCu
rechXr1o9A5fXd903,Others,docusign.lightning.force.com / referral,AAy38qcm3RhsVufLcldv
rechYmZaOiKpl51uT,Others,jonxwang.com / referral,H9Vh6bFTLZPkplGuJOLs
rechaq4ZYftdmYgrm,Organic Search,search.pch.com / referral,rLd0UAtF7nscjHkEoZro
rechc1DoCpWrkOXZ3,Referral,amarujala.com / referral,vRLbGhzzXiADEqh9MmCu
rechf2Ho4SmUppsdp,Instagram,l.instagram.com / referral,AAy38qcm3RhsVufLcldv
rechh6TBscjendPuQ,Referral,segment.lightning.force.com / referral,AAy38qcm3RhsVufLcldv
rechiTQAYkVYFDr5y,Others,(not set) / (not set),BZiyKCfDzVXTWDHxNSoB
rechm4Umq9jDuqlD4,Facebook,FB_Ads / Carousel+2+-+LAL,H9Vh6bFTLZPkplGuJOLs
rechsu0lmrLRxM8c9,Others,rts.pitchbook.com / referral,rLd0UAtF7nscjHkEoZro
rechtdK46aEUPtLzw,Facebook,ads / facebook-instagram,vRLbGhzzXiADEqh9MmCu
rechv6YX3TYNxDf8w,Youtube,youtube.com / referral,KM4tyRY5cbLH767DI3O9
reci6Ss5fE0UAqIxs,Facebook,FB_Ads / Facebook_Right_Column,H9Vh6bFTLZPkplGuJOLs
reciBksscnZ5oj688,Others,kiwitech.my.salesforce.com / referral,H9Vh6bFTLZPkplGuJOLs
reciCooN4YiDov9VM,Referral,lbb.in / referral,vRLbGhzzXiADEqh9MmCu
reciDVZT3IeyvImrX,YC,ycombinator.com / referral,H9Vh6bFTLZPkplGuJOLs
reciHQ1EdNjdriDvJ,Referral,docsend.com / referral,AAy38qcm3RhsVufLcldv
reciVsxJpt60VuwMa,Organic Search,uk.search.yahoo.com / referral,AAy38qcm3RhsVufLcldv
reciWznrB2zJWJI4p,Others,feedly.com / referral,KM4tyRY5cbLH767DI3O9
reciYYQJjRbeeIx7S,Direct,(direct) / (none),BZiyKCfDzVXTWDHxNSoB
recib8JNHJr2kNFLc,Referral,org62.lightning.force.com / referral,AAy38qcm3RhsVufLcldv
recibEXdDqC0l1VZi,Pinterest,pinterest.com / referral,vRLbGhzzXiADEqh9MmCu
recief8tEA3dgbKT7,Facebook,FB_Ads / Carousel 2 - LAL,H9Vh6bFTLZPkplGuJOLs
recifKhffg86KJPbx,Others,zoominfo.com / referral,rLd0UAtF7nscjHkEoZro
recijslBaYXsRCrUv,Referral,kannada-news18-com.cdn.ampproject.org / referral,vRLbGhzzXiADEqh9MmCu
recikHU1FkqhOmegE,Referral,keralakaumudi.com / referral,vRLbGhzzXiADEqh9MmCu
reciqfrw2nQnxAI7O,Referral,bangaloremirror.indiatimes.com / referral,vRLbGhzzXiADEqh9MmCu
reciuoRdcfME09CmE,Referral,kimblog.top / referral,vRLbGhzzXiADEqh9MmCu
recj9SdLIUtbzQZRr,Referral,malayalam.filmibeat.com / referral,vRLbGhzzXiADEqh9MmCu
recjG4ndnw6V02ZrS,Referral,startupticker.ch / referral,KM4tyRY5cbLH767DI3O9
recjHT3zU0BGgrs4a,Others,verygoodsecurity.lightning.force.com / referral,KM4tyRY5cbLH767DI3O9
recjb5573SY29nS7r,YC,news.ycombinator.com / referral,AAy38qcm3RhsVufLcldv
recjplAKFZbL2StvX,Referral,m.udayavani.com / referral,vRLbGhzzXiADEqh9MmCu
reck1l0ypONfz2V3L,Others,startpage.com / referral,NtV6Ynivm40Ip4h2LmaO
reckALOXxTAMIlCzL,Referral,my.hsgcareer.ch / referral,KM4tyRY5cbLH767DI3O9
reckC9aFkPFMxOoeU,Referral,pethelpful-com.cdn.ampproject.org / referral,vRLbGhzzXiADEqh9MmCu
reckFlmeNOnuAGMun,Organic Search,yandex / organic,KM4tyRY5cbLH767DI3O9
reckIm6UQExHEVNMd,Referral,eudevelopers.com / referral,KM4tyRY5cbLH767DI3O9
reckQOkjCmg8shQKx,Others,bitbucket.org / referral,BZiyKCfDzVXTWDHxNSoB
reckdNGv1GRf0cUbY,Referral,35af4a3bd426dd21552854dd8e7c4683.safeframe.googlesyndication.com / referral,vRLbGhzzXiADEqh9MmCu
reckjD73pBItYADnI,YC,workatastartup.com / referral,AAy38qcm3RhsVufLcldv
recknlIVW9PSgwcLR,Others,ivp.lightning.force.com / referral,KM4tyRY5cbLH767DI3O9
reckoGImcVUSxihQo,Referral,pabio-com.translate.goog / referral,KM4tyRY5cbLH767DI3O9
recktT85MRB9H8YG5,Referral,howtodiscuss-com.cdn.ampproject.org / referral,vRLbGhzzXiADEqh9MmCu
reckvxk0YLHmeuk72,Others,fromnovo.com / referral,BZiyKCfDzVXTWDHxNSoB
recl6UfMqs8TyTDgc,Referral,openphoneco.lightning.force.com / referral,AAy38qcm3RhsVufLcldv
recl9RvrzSwWNEHLm,Others,globalpay.lightning.force.com / referral,NtV6Ynivm40Ip4h2LmaO
reclEhXEJyJgWpzaZ,Instagram,l.instagram.com / referral,vRLbGhzzXiADEqh9MmCu
reclH1g4k0sSH16Uw,Others,blog.booleanbiotech.com / referral,rLd0UAtF7nscjHkEoZro
reclHrDyasw7Numsk,Organic Search,baidu / organic,H9Vh6bFTLZPkplGuJOLs
reclI3jDVSSYXQ9kg,Referral,search.nation.com / referral,AAy38qcm3RhsVufLcldv
reclWMytewm5zucf1,Forum Referral,eucfinder.com / referral,NtV6Ynivm40Ip4h2LmaO
recleD3rF5obd8ai5,News,sifted.eu / referral,KM4tyRY5cbLH767DI3O9
reclhorteYmDPmrhQ,Referral,www-indiatoday-in.cdn.ampproject.org / referral,vRLbGhzzXiADEqh9MmCu
recljWfrcxicd5iCm,Referral,centerforhealthsecurity.org / referral,BZiyKCfDzVXTWDHxNSoB
reclkPM6GDDZqDH5q,Referral,app.verve.vc / referral,KM4tyRY5cbLH767DI3O9
reclkS39r8qwlAtiy,Referral,tamil-news18-com.cdn.ampproject.org / referral,vRLbGhzzXiADEqh9MmCu
recloQ8xlXCfReSIx,Others,couponseeker.com / referral,NtV6Ynivm40Ip4h2LmaO
reclpwXIqau0D1qKY,Referral,iforher.com / referral,vRLbGhzzXiADEqh9MmCu
reclqaZ9sCFRRTFrL,Referral,docs.google.com / referral,vRLbGhzzXiADEqh9MmCu
reclqzmyCpqzaJ5lA,Referral,swisspreneur.org / referral,KM4tyRY5cbLH767DI3O9
reclv3XUkWSEPaVjH,Others,clearbitsales.lightning.force.com / referral,AAy38qcm3RhsVufLcldv
recm4BqgCkAL02fYv,Others,mail.google.com / referral,H9Vh6bFTLZPkplGuJOLs
recm5J4cCONvkt06h,Referral,dashboard.lusha.com / referral,vRLbGhzzXiADEqh9MmCu
recm5YGkahtdGvsne,Others,app.segmetrics.io / referral,tVykCSi0eBaAczJgkkfk
recm6fLwqP5uGFxXu,Google CPC,google / cpc,NtV6Ynivm40Ip4h2LmaO
recm7hSA5WPMRPc7J,Referral,medicalnewstoday.com / referral,vRLbGhzzXiADEqh9MmCu
recm8EFqJRZX2OG5v,Others,dataprocessing.burgiss.com / referral,AAy38qcm3RhsVufLcldv
recm8SbXRUuMJpI7x,Facebook,{{facebook}} / Tiktok 3 -- Conversions - Broad,H9Vh6bFTLZPkplGuJOLs
recm9NnCFSugW9Edi,Facebook,FB / 90dVideoViewers,H9Vh6bFTLZPkplGuJOLs
recmAOUmFlhrvbNq5,Referral,www-iwmbuzz-com.cdn.ampproject.org / referral,vRLbGhzzXiADEqh9MmCu
recmC9k1fwIynXBj3,Referral,mail.google.com / referral,rLd0UAtF7nscjHkEoZro
recmEJgYGNi5R7PGs,Facebook,facebook.com / referral,NtV6Ynivm40Ip4h2LmaO
recmHsHlGtSU2XNMP,Referral,telugu-filmibeat-com.cdn.ampproject.org / referral,vRLbGhzzXiADEqh9MmCu
recmKUS10IBAweHmf,Others,digitalmedia.lightning.force.com / referral,BZiyKCfDzVXTWDHxNSoB
recmLT1aXFuxw8HIT,Referral,app.respona.com / referral,AAy38qcm3RhsVufLcldv
recmMug981EXPwLdZ,Referral,kustomer.lightning.force.com / referral,vRLbGhzzXiADEqh9MmCu
recmejqXtrz6VTCoI,Facebook,FB_Ads / Facebook_Instream_Video,H9Vh6bFTLZPkplGuJOLs
recmjoxMiNcOHItgg,Referral,w3schools.com / referral,vRLbGhzzXiADEqh9MmCu
recmqawa8krOywY2V,Referral,serpentine.vc / referral,KM4tyRY5cbLH767DI3O9
recmqjBsfkzX4yzsH,Organic Search,yahoo / organic,rLd0UAtF7nscjHkEoZro
recmzUkrID9ckLXnX,Email,promotion / email,NtV6Ynivm40Ip4h2LmaO
recnAOKPesm6Pdz9r,Others,go.zoominfo.com / referral,rLd0UAtF7nscjHkEoZro
recnM8hjyqDCTSji6,Others,docs.google.com / referral,rLd0UAtF7nscjHkEoZro
recnOxV63RoscaYkT,Others,app.asana.com / referral,KM4tyRY5cbLH767DI3O9
recnUzrdRavC1sFsl,Forum Referral,robhitch.com / referral,NtV6Ynivm40Ip4h2LmaO
recnXjqG3N7gIIPKL,Others,mastercontrol.lightning.force.com / referral,BZiyKCfDzVXTWDHxNSoB
recnYvaihOsDETJB3,Others,app.fullstory.com / referral,KM4tyRY5cbLH767DI3O9
recnZw0lYQ2FFD4Lx,Organic Search,bing / organic,NtV6Ynivm40Ip4h2LmaO
recnh3zDuzcc6d4Ki,Others,wrongway.info / referral,NtV6Ynivm40Ip4h2LmaO
recniLuBEl9eVpDz9,Job Search,hnhiring.com / referral,KM4tyRY5cbLH767DI3O9
recns7NT26Vly9fgU,Referral,session.vc / referral,KM4tyRY5cbLH767DI3O9
reco0qwJEZaC09kO1,Forum Referral,reddit.com / referral,NtV6Ynivm40Ip4h2LmaO
reco5SsWMQZUn37JC,Referral,workingnomads.co / referral,KM4tyRY5cbLH767DI3O9
recoAWI6kujORrPeH,Others,angel-squad.circle.so / referral,H9Vh6bFTLZPkplGuJOLs
recoBBDm8aSc6iGbq,Organic Search,yahoo / organic,BZiyKCfDzVXTWDHxNSoB
recoBZPqhxZ5RpFuI,Others,hsct.classification.avalara.net / referral,NtV6Ynivm40Ip4h2LmaO
recoEjlWGriWYgiOA,Referral,taxguru.in / referral,vRLbGhzzXiADEqh9MmCu
recoJy0rVJfCob9dt,Facebook,l.instagram.com / referral,BZiyKCfDzVXTWDHxNSoB
recoLmz7Ex8Y6OFN5,Others,cn.bing.com / referral,vRLbGhzzXiADEqh9MmCu
recoNkidMJQhHL1Uh,Facebook,FB_Ads / Chris+TikTok+|+LAL,H9Vh6bFTLZPkplGuJOLs
recoOg6TkaHAwULA9,Facebook,FB_Ads / Chris TikTok | LAL,H9Vh6bFTLZPkplGuJOLs
recoSm5NwblB3Te2Q,Referral,stylesatlife-com.cdn.ampproject.org / referral,vRLbGhzzXiADEqh9MmCu
recoTEyvAFk6gTTiO,Referral,kannada.asianetnews.com / referral,vRLbGhzzXiADEqh9MmCu
recoUpIN3NMHuzU98,Others,blog.dmcc.ae / referral,rLd0UAtF7nscjHkEoZro
recoYg6s6w0sP3cEw,YC,startupschool.org / referral,KM4tyRY5cbLH767DI3O9
recoZwg9OKIiEAIij,Others,sigmund.headway.co / referral,H9Vh6bFTLZPkplGuJOLs
recodxm4BLTdaQY7B,Referral,20min / paidpost,KM4tyRY5cbLH767DI3O9
recoeLbBjCjHGThDc,Referral,eenadu.net / referral,vRLbGhzzXiADEqh9MmCu
recopfJ3ABWCLc5SH,Others,startupill.com / referral,H9Vh6bFTLZPkplGuJOLs
recotpVYV5vTFEzl5,Referral,startupsavant.com / referral,KM4tyRY5cbLH767DI3O9
recp0Z0Sesx0KhEgw,Referral,abestfashion.com / referral,vRLbGhzzXiADEqh9MmCu
recp0b36jPvERA93Z,Facebook,FB_Ads / Tiktok+3+--+Conversions+-+LAL,H9Vh6bFTLZPkplGuJOLs
recp5908sjWoTsspy,Others,semrush.com / referral,rLd0UAtF7nscjHkEoZro
recpFSJW90ksFrKHB,Linked In,linkedin.com / referral,H9Vh6bFTLZPkplGuJOLs
recpHIqZ1GZ88ZCXK,Facebook,FB_Ads / MoF - TikTok,H9Vh6bFTLZPkplGuJOLs
recpJCY6lEcC7UPIA,Referral,www-wishesmsg-com.cdn.ampproject.org / referral,vRLbGhzzXiADEqh9MmCu
recpLdLWyhbiOAR25,Referral,l.wl.co / referral,vRLbGhzzXiADEqh9MmCu
recpNAgDF6Dz3K7La,Others,app.bullhornstaffing.com / referral,BZiyKCfDzVXTWDHxNSoB
recpNoBDfJ6xrfUTK,Others,uhohlabs.com / referral,BZiyKCfDzVXTWDHxNSoB
recpQjqTy71LYrdnh,Others,app.asana.com / referral,tVykCSi0eBaAczJgkkfk
recpRGdQjTMArDc8I,Others,dr-hempel-network.com / referral,rLd0UAtF7nscjHkEoZro
recpURdQcFVrQQNKl,Twitter,t.co / referral,KM4tyRY5cbLH767DI3O9
recpWrEcijvetzPMz,Referral,app.snov.io / referral,vRLbGhzzXiADEqh9MmCu
recpaEg2kpwkAHJuA,Referral,info.com / referral,AAy38qcm3RhsVufLcldv
recpal7YRkPBS9EHK,Referral,www-123telugu-com.cdn.ampproject.org / referral,vRLbGhzzXiADEqh9MmCu
recpgNqRdCU6QCkUj,Referral,doubleclick.net / referral,vRLbGhzzXiADEqh9MmCu
recpgSD5T6WJdA9OR,Facebook,{{facebook}} / Tiktok+3+--+Broad+--+Updated,H9Vh6bFTLZPkplGuJOLs
recpinrTZGsnsMQO1,Referral,rajvardhan.com / referral,vRLbGhzzXiADEqh9MmCu
recppERf3evHjssbF,Others,gem-talent.lightning.force.com / referral,BZiyKCfDzVXTWDHxNSoB
recpw33XfdKLXQo8P,Referral,app.buzzstream.com / referral,AAy38qcm3RhsVufLcldv
recpy1INNZG5bTMhr,Others,docs.google.com / referral,H9Vh6bFTLZPkplGuJOLs
recpyE1YH0SVdVPLQ,Others,academy.ads-vantage.de / referral,tVykCSi0eBaAczJgkkfk
recpz2p9CxYMz8FZD,Referral,vercel.com / referral,KM4tyRY5cbLH767DI3O9
recpzUYNkGNFrZf4P,Referral,p7s1.lightning.force.com / referral,KM4tyRY5cbLH767DI3O9
recq3UzFQM9FCt5gU,Others,angel.co / referral,AAy38qcm3RhsVufLcldv
recq6k2RgEwxK6vXs,Referral,geekwire.com / referral,BZiyKCfDzVXTWDHxNSoB
recq7iv3Uft3oLhcx,Referral,mail.google.com / referral,vRLbGhzzXiADEqh9MmCu
recq9G8CMad8IlCyb,Twitter,t.co / referral,BZiyKCfDzVXTWDHxNSoB
recq9YlcHdzlGYshp,Linked In,linkedin.com / referral,BZiyKCfDzVXTWDHxNSoB
recqEzGXiBEls3PQn,Referral,hn.algolia.com / referral,KM4tyRY5cbLH767DI3O9
recqFUQ7DbInKlBCy,Referral,indiatoday.in / referral,vRLbGhzzXiADEqh9MmCu
recqKWjAcsvVPyDDG,Others,webflow.com / referral,tVykCSi0eBaAczJgkkfk
recqM8bcZss80vgTj,Pinterest,pinterest.com / referral,NtV6Ynivm40Ip4h2LmaO
recqOSEMQGE3EinMi,Organic Search,google / organic,rLd0UAtF7nscjHkEoZro
recqQv2VNYvs5TOOz,Referral,adfs.gcsnc.com / referral,AAy38qcm3RhsVufLcldv
recqVCSHpFZKzkqEu,Instagram,instagram.com / referral,KM4tyRY5cbLH767DI3O9
recqXKnSe0aKdR43n,Referral,wikibio-in.cdn.ampproject.org / referral,vRLbGhzzXiADEqh9MmCu
recqcPBeMK7srFDMZ,Forum Referral,reddit.com / referral,AAy38qcm3RhsVufLcldv
recqfqVQ7uBwBUKwa,Others,submit.jotform.com / referral,H9Vh6bFTLZPkplGuJOLs
recqiIKJKSodmpDgS,Others,startupill.com / referral,KM4tyRY5cbLH767DI3O9
recqj23uxBAHEGKp8,Others,tagassistant.google.com / referral,KM4tyRY5cbLH767DI3O9
recqlDFsfDxQHbh1M,Others,webmail.tim.it / referral,NtV6Ynivm40Ip4h2LmaO
recqnz2TezzXC7h7H,Others,csima.lightning.force.com / referral,rLd0UAtF7nscjHkEoZro
recqqoNefE6Ats8Oe,Referral,circuly.io / referral,KM4tyRY5cbLH767DI3O9
recqx2gUjujWENA1y,Others,teams.microsoft.com / referral,KM4tyRY5cbLH767DI3O9
recqxt6RIuISW95K0,Others,console.sys.breezy.hr / referral,BZiyKCfDzVXTWDHxNSoB
recr85jjdLGFSY1X4,Others,localhost:3000 / referral,H9Vh6bFTLZPkplGuJOLs
recr9rjQHB5ppIwUu,Others,googleadservices.com / referral,tVykCSi0eBaAczJgkkfk
recrAGzdMCnoe7DGg,Direct,(direct) / (none),AAy38qcm3RhsVufLcldv
recrOmKPGNA25i6o6,Facebook,facebook.com / referral,KM4tyRY5cbLH767DI3O9
recrP5JmQYrpW9ANG,Facebook,facebook.com / referral,BZiyKCfDzVXTWDHxNSoB
recrXcGyWw7nmHWJ0,Others,brex.lightning.force.com / referral,BZiyKCfDzVXTWDHxNSoB
recrh25pK2NudC84P,Facebook,l.facebook.com / referral,vRLbGhzzXiADEqh9MmCu
recrhSCfUtOtTip9h,Referral,www-hindustantimes-com.cdn.ampproject.org / referral,vRLbGhzzXiADEqh9MmCu
recri1C6HG2oEoiD8,Facebook,{{facebook}} / Carousel+-+Broad,H9Vh6bFTLZPkplGuJOLs
recrlVGPHWn8zLiEp,Others,zawya.com / referral,rLd0UAtF7nscjHkEoZro
recrr2smzwsg5aUlI,Referral,lifewithmoorebabies.com / referral,vRLbGhzzXiADEqh9MmCu
recrruBMx08ZFaRdQ,Organic Search,yandex / organic,AAy38qcm3RhsVufLcldv
recrzrVoMwDzaOdnO,Organic Search,yandex.ru / referral,rLd0UAtF7nscjHkEoZro
recs4CAyxXVY4zVl4,Others,t.yesware.com / referral,rLd0UAtF7nscjHkEoZro
recs6ZTNZ8QTUibdI,Referral,ddvc.ch / referral,KM4tyRY5cbLH767DI3O9
recs7BJsGbSqvnmcI,Referral,stylevanity.com / referral,vRLbGhzzXiADEqh9MmCu
recsCqZWHn01rk3hR,Referral,319f314ed465ed90584942ab4b77c485.safeframe.googlesyndication.com / referral,vRLbGhzzXiADEqh9MmCu
recsFturWOMfqqFE5,Facebook,FB_Ads / Facebook_Stories,H9Vh6bFTLZPkplGuJOLs
recsKqjRZdFqzhoXe,Referral,moneycontrol.com / referral,vRLbGhzzXiADEqh9MmCu
recsPmkWGOJlyQJPF,Others,keep.google.com / referral,KM4tyRY5cbLH767DI3O9
recsXxOAJNZfHUGmY,Referral,m.tribuneindia.com / referral,vRLbGhzzXiADEqh9MmCu
recsYogB9uD6nXqVT,Referral,deref-gmx.net / referral,KM4tyRY5cbLH767DI3O9
recsZRIJy7Bz0b73C,Referral,metacritic.com / referral,vRLbGhzzXiADEqh9MmCu
recsf2bHj7GaMg893,YC,workatastartup.com / referral,rLd0UAtF7nscjHkEoZro
recsrwg62rLNaoCtk,Referral,areyoufashion.com / referral,vRLbGhzzXiADEqh9MmCu
rect0FDWBL1lOmbSZ,Others,fastfounder.ru / referral,KM4tyRY5cbLH767DI3O9
rect2By8YKr4NP7F8,Referral,c6b2ebdc43da28468b258261b50f1dee.safeframe.googlesyndication.com / referral,vRLbGhzzXiADEqh9MmCu
rect8re7JUJzyLofj,Referral,berlinstartupjobs.com / referral,KM4tyRY5cbLH767DI3O9
rectB6v87jJTWDmlw,Referral,english.mathrubhumi.com / referral,vRLbGhzzXiADEqh9MmCu
rectG9x8CrbJaT4Sa,Referral,designmunk.com / referral,KM4tyRY5cbLH767DI3O9
rectHwLyR9HdfWocA,Referral,ahr.toolszen.com / referral,AAy38qcm3RhsVufLcldv
rectIjPDIpxMde5RD,Instagram,l.instagram.com / referral,H9Vh6bFTLZPkplGuJOLs
rectP2fWBoIsxK27d,Others,startpage.com / referral,AAy38qcm3RhsVufLcldv
rectTxgemKxtjsn05,Others,golden.com / referral,KM4tyRY5cbLH767DI3O9
rectWkdnvlVSYQbjJ,Referral,zoomtventertainment.com / referral,vRLbGhzzXiADEqh9MmCu
rectXZXYC8jh9itao,Organic Search,duckduckgo / organic,rLd0UAtF7nscjHkEoZro
rectaYqPTRPLHUcgw,Referral,savvy-flows-testbed.webflow.io / referral,AAy38qcm3RhsVufLcldv
rectdbTMqKY1Yyu9Z,Payment,klarna / referral,NtV6Ynivm40Ip4h2LmaO
rectgXYHJKWBAyOpm,Referral,swirlster.ndtv.com / referral,vRLbGhzzXiADEqh9MmCu
rectgloLYmgZmDb5y,Referral,surf.bluetouch.hk / referral,AAy38qcm3RhsVufLcldv
rectqwYEb1SGQgIE8,Referral,thedailynotes.com / referral,vRLbGhzzXiADEqh9MmCu
rectr7p59jIWmCjJk,Referral,lcti.schoology.com / referral,KM4tyRY5cbLH767DI3O9
rectrxTPAGp5G1fNg,Referral,flatfox.ch / referral,KM4tyRY5cbLH767DI3O9
recttVgzt8jlZL8QQ,Others,tagassistant.google.com / referral,H9Vh6bFTLZPkplGuJOLs
recttg0EC3tnNFsWX,Organic Search,baidu / organic,tVykCSi0eBaAczJgkkfk
rectvqmjgeNgnQAZM,Organic Search,baidu / organic,AAy38qcm3RhsVufLcldv
recu0Ng43IcAhDxAi,Referral,pick-kart.com / referral,AAy38qcm3RhsVufLcldv
recu0iQRWnaloduy3,Others,uh-oh-labs-inc.breezy.hr / referral,BZiyKCfDzVXTWDHxNSoB
recu1arlWbgYUdvZ5,Referral,www-siasat-com.cdn.ampproject.org / referral,vRLbGhzzXiADEqh9MmCu
recu41wCyfe6NQaH7,Referral,away.vk.com / referral,KM4tyRY5cbLH767DI3O9
recu4D6QyfPMmSbIM,Twitter,post / twitter,AAy38qcm3RhsVufLcldv
recu4UsOer6LRsS8F,Facebook,lm.facebook.com / referral,vRLbGhzzXiADEqh9MmCu
recu8CSu6wzjUanMh,Blog,wordpress.com / referral,H9Vh6bFTLZPkplGuJOLs
recu8Lk6dRzqQzy4e,Email,hs_email / email,tVykCSi0eBaAczJgkkfk
recuAwnUcX11PJEWt,Others,jobs.greenlight.guru / referral,BZiyKCfDzVXTWDHxNSoB
recuLhvDNvTDf8ys9,Referral,indianexpress.com / referral,vRLbGhzzXiADEqh9MmCu
recuMkMFwLjLlKN8A,Others,app.sketchdeck.com / referral,BZiyKCfDzVXTWDHxNSoB
recuU15O5vpcaUUTU,Referral,smallseotools.com / referral,vRLbGhzzXiADEqh9MmCu
recuWCaqVraDN4ehs,Facebook,m.facebook.com / referral,KM4tyRY5cbLH767DI3O9
recuXxaf7qteqoIR6,Referral,madhurasrecipe.com / referral,vRLbGhzzXiADEqh9MmCu
recumSN5L3cm5dj9l,Forum Referral,evnerds.com / referral,NtV6Ynivm40Ip4h2LmaO
recv0jQjbCD3k8vbl,Others,googleads.g.doubleclick.net / referral,rLd0UAtF7nscjHkEoZro
recv5DFScIsfabBtb,Others,git-germanimagingtechnologies.lightning.force.com / referral,rLd0UAtF7nscjHkEoZro
recv7yFZSXpdh2B2A,Referral,stotranidhi-com.cdn.ampproject.org / referral,vRLbGhzzXiADEqh9MmCu
recv9glxJznjFkOrC,Referral,withmyladies.com / referral,vRLbGhzzXiADEqh9MmCu
recvDEz4znQvcuRxI,Others,invite-code / onboarding,KM4tyRY5cbLH767DI3O9
recvF4SXnGomPVQqs,Product Hunt,producthunt.com / referral,H9Vh6bFTLZPkplGuJOLs
recvGYuSYBVwAAQmc,Facebook,FB / 365dEngagers,H9Vh6bFTLZPkplGuJOLs
recvHqRHusUlzBtNr,Others,saasworthy.com / cpc,KM4tyRY5cbLH767DI3O9
recvKDvNBv5jonv4M,Referral,liquidity.feishu.cn / referral,AAy38qcm3RhsVufLcldv
recvOVZUuhkKTQVFv,Facebook,FB_Ads / Instagram_Reels,H9Vh6bFTLZPkplGuJOLs
recvUGmz0L3k9PJSc,Referral,www-mirchi9-com.cdn.ampproject.org / referral,vRLbGhzzXiADEqh9MmCu
recvddHkzzf060R26,Referral,msn.com / referral,vRLbGhzzXiADEqh9MmCu
recveYPYFDC3oRZhV,Google CPC,google / cpc,tVykCSi0eBaAczJgkkfk
recvgEP0xQ8J4Ea2c,Referral,timesofindia.indiatimes.com / referral,vRLbGhzzXiADEqh9MmCu
recvlBb2ktMGFMcB5,Email,newsletter / email,NtV6Ynivm40Ip4h2LmaO
recvq3BNzEebU45qR,Others,app.snov.io / referral,rLd0UAtF7nscjHkEoZro
recvuARneGo1F0QqH,Facebook,l.facebook.com / referral,KM4tyRY5cbLH767DI3O9
recw65ROudNeya5Sr,Email,url.emailprotection.link / referral,AAy38qcm3RhsVufLcldv
recwCS2jux6LBPGA1,Referral,mathrubhumi.com / referral,vRLbGhzzXiADEqh9MmCu
recwMMMVXmpoN1daJ,Others,zoominfo.com / referral,BZiyKCfDzVXTWDHxNSoB
recwMpLIqnPdjRT9j,Others,suicidepreventionlifeline.org / referral,H9Vh6bFTLZPkplGuJOLs
recwT85lJQFbkIqy9,Organic Search,yahoo / organic,H9Vh6bFTLZPkplGuJOLs
recwY3ZYW0eTEUH3r,Referral,externship.github.in / referral,KM4tyRY5cbLH767DI3O9
recwecQ0IW3OlCtOO,Referral,greatandhra.com / referral,vRLbGhzzXiADEqh9MmCu
recwhWIanzYGp2GS9,Organic Search,sogou / organic,KM4tyRY5cbLH767DI3O9
recwtfEaJ4b4ZVQCW,Referral,www-deccanherald-com.cdn.ampproject.org / referral,vRLbGhzzXiADEqh9MmCu
recx0PgrXQc0QkuqM,Referral,instyle.com / referral,vRLbGhzzXiADEqh9MmCu
recx570rRqw95JMYa,Referral,egirisim.com / referral,KM4tyRY5cbLH767DI3O9
recxHLssncRzaBCNL,Facebook,FB / dEngagers,H9Vh6bFTLZPkplGuJOLs
recxPd8BPcfHsApq0,Others,app.viral-loops.com / referral,H9Vh6bFTLZPkplGuJOLs
recxPqhGtyWxljqC8,Payment,application.duologi.net / referral,NtV6Ynivm40Ip4h2LmaO
recxSCp5nA5jFhbx2,Referral,nlcorp.app.netsuite.com / referral,KM4tyRY5cbLH767DI3O9
recxT8eAGOBAI5OOu,Referral,deref-gmx.fr / referral,KM4tyRY5cbLH767DI3O9
recxafGukdOI7cwY4,Referral,vikatan.com / referral,vRLbGhzzXiADEqh9MmCu
recxcMzzTOIljdhmZ,Referral,trello.com / referral,AAy38qcm3RhsVufLcldv
recxrOBufAbgUHGXw,Others,sanzhima.com / referral,BZiyKCfDzVXTWDHxNSoB
recxu72nZAb324SQ1,Organic Search,yahoo.com / referral,KM4tyRY5cbLH767DI3O9
recy1RQoP6VKPFD1r,Organic Search,malaysia.search.yahoo.com / referral,AAy38qcm3RhsVufLcldv
recy6FFG9VTbInNwa,Referral,mobi.greatandhra.com / referral,vRLbGhzzXiADEqh9MmCu
recyBxg8IlsXc1ydr,Facebook,facebook / cpc,vRLbGhzzXiADEqh9MmCu
recyEHifwB0pFJlik,Referral,cleverclipstudios.com / referral,KM4tyRY5cbLH767DI3O9
recyFGQdMQFfYq4g8,Referral,tamil-samayam-com.cdn.ampproject.org / referral,vRLbGhzzXiADEqh9MmCu
recyGXvCe6UaRQZYo,Referral,electables.com / referral,AAy38qcm3RhsVufLcldv
recyHsZfDPAWaMrZj,Instagram,instagram.com / referral,vRLbGhzzXiADEqh9MmCu
recyIdMnjWZaKmWs1,Google CPC,googleads.g.doubleclick.net / referral,KM4tyRY5cbLH767DI3O9
recyJYrpdzRQYalJ3,Referral,gmx.net / referral,KM4tyRY5cbLH767DI3O9
recyMycpASHd3242z,Referral,ndtv.com / referral,vRLbGhzzXiADEqh9MmCu
recyNbhOCKrnT5iAl,Others,app.bullhornstaffing.com / referral,KM4tyRY5cbLH767DI3O9
recyQejVVSqoj4j3G,Others,dribbble.com / referral,H9Vh6bFTLZPkplGuJOLs
recyU0DriZ0I3T1kn,Linked In,post / linkedin,AAy38qcm3RhsVufLcldv
recyXdTjh3TYtH8lA,Referral,coda.io / referral,AAy38qcm3RhsVufLcldv
recyXdnYjg9AmxzVn,Referral,teletype.in / referral,KM4tyRY5cbLH767DI3O9
recydBMKTbV3rxAsC,Others,paper.dropbox.com / referral,KM4tyRY5cbLH767DI3O9
recydtSUe01F1RZND,Others,paper.dropbox.com / referral,H9Vh6bFTLZPkplGuJOLs
recywRLltSGghfMgF,Organic Search,ecosia.org / organic,NtV6Ynivm40Ip4h2LmaO
recyxkdpn7Lj6EGZS,Facebook,facebook.com / referral,vRLbGhzzXiADEqh9MmCu
recyyiHo3zxlnKOLP,Organic Search,google / organic,BZiyKCfDzVXTWDHxNSoB
recz6T9xacweoIZe7,Referral,79960426bf17c32f1008fe742c12ccc3.safeframe.googlesyndication.com / referral,vRLbGhzzXiADEqh9MmCu
recz7fz20socloEHi,Others,scholar.google.com / referral,H9Vh6bFTLZPkplGuJOLs
recz8GPkAWO1JHONB,Referral,search.desideriosoldi.com / referral,vRLbGhzzXiADEqh9MmCu
recz8d5WTb8nMwizC,Referral,pioneerfund.vc / referral,KM4tyRY5cbLH767DI3O9
recz9jKru05KWaXj2,Facebook,{{facebook}} / Tiktok+3+--+Geo+Tier+2,H9Vh6bFTLZPkplGuJOLs
reczPJ06jNcOpg2FF,Referral,search.xfinity.com / referral,AAy38qcm3RhsVufLcldv
reczQAMBaBwbVWsCK,Forum Referral,fullycharged.show / referral,NtV6Ynivm40Ip4h2LmaO
reczSFbEXrC4dtBT2,Referral,www-pinkvilla-com.cdn.ampproject.org / referral,vRLbGhzzXiADEqh9MmCu
reczXfaX3j7EZUKY3,Others,justworks.lightning.force.com / referral,BZiyKCfDzVXTWDHxNSoB
reczZGPg8MiVM3C3W,Referral,quickconnect.lightning.force.com / referral,AAy38qcm3RhsVufLcldv
reczbXQ2CjLggUDqU,Google CPC,ads.google.com / referral,KM4tyRY5cbLH767DI3O9
reczcL8V39HCDEqCk,Referral,couponbirds.com / referral,NtV6Ynivm40Ip4h2LmaO
reczfmDNWi3qZo1Sh,Others,thingtesting.com / (not set),KM4tyRY5cbLH767DI3O9
reczrf9sx4kIrnERF,Referral,m-timesofindia-com.cdn.ampproject.org / referral,vRLbGhzzXiADEqh9MmCu
