id,goal,platform,campaign_id,business_id,goal_calculation,action_type_onsite_conversion,action_type_offsite_conversion
rec4qFfTBnQ3Bbv7F,reach,Linked In,196748553,UshtKQ4c3TVDh0C6UJFa,,,
rec55GxnPAap6fptm,lead_form_views,Google CPC,16450333372,UshtKQ4c3TVDh0C6UJFa,,,
rec9EOZpKiw72tnMJ,leads_all,Linked In,198119783,UshtKQ4c3TVDh0C6UJFa,,,
rec9woJISsEiL7R9p,video_views,Linked In,196747473,UshtKQ4c3TVDh0C6UJFa,,,
recAEvfT9iSAihtsP,leads_all,Linked In,default,rLd0UAtF7nscjHkEoZro,leads_and_website_conversions,,
recBQ8uTkLB2UCRNC,purchases,Facebook,default,hwzz5EEgrkx8Sh9ulXee,purchases,,
recBnLVFXulJ0rHpX,leads_all,Facebook,default,VUv7oRjvh1GWRgZEeQX3,custom_conversion_3,,
recCxbSGeCXir9Suc,leads_all,Linked In,197435923,UshtKQ4c3TVDh0C6UJFa,,,
recE94d846v3lLdDC,conversions,Linked In,197433923,UshtKQ4c3TVDh0C6UJFa,,,
recEyGbjdiyBqCrGO,optimization_goal,Snapchat,default,no2DKxHGYQshKxZAJxmj,optimization_goal,,
recH2ozUcQwRGy8kc,landing_page_views,Facebook,default,no2DKxHGYQshKxZAJxmj,landing_page_views,,
recKepT1uq3sQPyaS,leads_all,Facebook,default,KM4tyRY5cbLH767DI3O9,offsite_leads,,
recO3lWwFzlk1wx6A,lead_form_views,Google CPC,16214757721,UshtKQ4c3TVDh0C6UJFa,,,
recPisGhn75qSws5q,reach,Linked In,198369033,UshtKQ4c3TVDh0C6UJFa,,,
recPncydTiAbBFMfe,purchases,Facebook,default,q7RQxPR7p0U8P6uKm8Do,purchases,,
recQEubTDO0V2QEZr,video_views,Linked In,199002993,UshtKQ4c3TVDh0C6UJFa,,,
recTPgpzeYkSdHA8t,video_views,Linked In,198453933,UshtKQ4c3TVDh0C6UJFa,,,
recVmJaLHxtYgRPTZ,action_type_conversions,Facebook,default,AYMJnrc48JV8mtRSV6ne,action_type_conversions,onsite_leads,custom_conversion_1
recWIfp9RadTKlHo1,video_views,Linked In,196749563,UshtKQ4c3TVDh0C6UJFa,,,
recWREDgZ3zR98OiV,leads_all,Facebook,23849544861350069,UshtKQ4c3TVDh0C6UJFa,,,
recXagJALDLuQSqta,conversations,Facebook,23849744221780069,UshtKQ4c3TVDh0C6UJFa,,,
recY8Q7M3h6lEtIGr,leads_all,Facebook,23849768496110069,UshtKQ4c3TVDh0C6UJFa,,,
recYps9dqBSpcd8S2,leads_all,Linked In,190706654,UshtKQ4c3TVDh0C6UJFa,,,
recaC6OYhKlBeuXIW,action_type_conversions,Facebook,default,Ci4uyRJtnfPlEB60OaTP,action_type_conversions,onsite_leads,purchases
recbf37C2o5JPxlyD,conversions,Linked In,197434363,UshtKQ4c3TVDh0C6UJFa,,,
recdDyFms4LGiX3M3,leads_all,Facebook,default,vzsuUIgfhKRenZq6I0U5,leads,,
receNn8dEe7FYl3DE,leads_all,Facebook,23849543933900069,UshtKQ4c3TVDh0C6UJFa,,,
recevAm83EzQdjWAa,leads_all,Linked In,198202903,UshtKQ4c3TVDh0C6UJFa,,,
recgome8xwYsfat5i,leads_all,Facebook,23849767628190069,UshtKQ4c3TVDh0C6UJFa,,,
recjGYLXBBJ4OLsaS,conversations,Facebook,23849749070360069,UshtKQ4c3TVDh0C6UJFa,,,
recjmZbmjxKL7wi10,leads_all,Facebook,default,H7LfqWsJcmC4sBXtXws0,custom_conversion_1,,
recoioLHepa38VF7k,purchases,Facebook,default,vRLbGhzzXiADEqh9MmCu,purchases,,
recr25jedv4Xsi66g,leads_all,Facebook,23849685042860069,UshtKQ4c3TVDh0C6UJFa,,,
recrVFsdApD5QhAKT,conversations,Facebook,23849733449320069,UshtKQ4c3TVDh0C6UJFa,,,
rect8IqVgt3jlnL7w,leads_all,Linked In,198541563,UshtKQ4c3TVDh0C6UJFa,,,
recxMMsooeTvh5HSj,lead_form_views,Google CPC,16604756595,UshtKQ4c3TVDh0C6UJFa,,,
reczhFq1CJ4gWf3Bg,leads_all,Linked In,197435563,UshtKQ4c3TVDh0C6UJFa,,,
