campaign_name;ad_group_name;property;text;ad_group_id
Kaya_SEM_B2B_Management_Generic_Phrase_NY_May;Kaya_Parking Management;descriptions;AirGarage maintains operational efficiency with enhanced enforcement.;160753730334
;;;Reduce operational costs and increase revenue from your parking facility with AirGarage.;160753730334
;;;The only parking management platform that has a network of over 1.5m drivers.;160753730334
;;;We make it easy to optimize your parking facility revenue.;160753730334
;;headlines;15% Parking Revenue Increase;160753730334
;;;Automated Parking Operations;160753730334
;;;Improve Safety & Security;160753730334
;;;Increase Net Parking Income;160753730334
;;;Increase Parking Revenue;160753730334
;;;Make Your Lot Visible;160753730334
;;;Mobile Pay Parking;160753730334
;;;No Hardware Required;160753730334
;;;Parking Enforcement Services;160753730334
;;;Parking Management Services;160753730334
;;;Parking Payment Solutions;160753730334
;;;Parking Permit Solutions;160753730334
;;;Reduce Lot Operational Costs;160753730334
;;;Reduce Violator Rates;160753730334
;;;{KeyWord:Parking Management};160753730334
;Kaya_Parking Solutions;descriptions;AirGarage maintains operational efficiency with enhanced enforcement.;160753730294
;;;Reduce operational costs and increase revenue from your parking facility with AirGarage.;160753730294
;;;The only parking management platform that has a network of over 1.5m drivers.;160753730294
;;;We make it easy to optimize your parking facility revenue.;160753730294
;;headlines;15% Parking Revenue Increase;160753730294
;;;Automated Parking Operations;160753730294
;;;Improve Safety & Security;160753730294
;;;Increase Net Parking Income;160753730294
;;;Increase Parking Revenue;160753730294
;;;Make Your Lot Visible;160753730294
;;;Mobile Pay Parking;160753730294
;;;No Hardware Required;160753730294
;;;Parking Enforcement Services;160753730294
;;;Parking Management Services;160753730294
;;;Parking Payment Solutions;160753730294
;;;Parking Permit Solutions;160753730294
;;;Reduce Lot Operational Costs;160753730294
;;;Reduce Violator Rates;160753730294
;;;{KeyWord:Parking Management};160753730294
Kaya_SEM_B2B_Management_Generic_Phrase_Sep;Kaya_Parking Management;descriptions;AirGarage maintains operational efficiency with enhanced enforcement.;148638920090
;;;Reduce operational costs and increase revenue from your parking facility with AirGarage.;148638920090
;;;The only parking management platform that has a network of over 1.5m drivers.;148638920090
;;;We make it easy to optimize your parking facility revenue.;148638920090
;;headlines;15% Parking Revenue Increase;148638920090
;;;Automated Parking Operations;148638920090
;;;Improve Safety & Security;148638920090
;;;Increase Net Parking Income;148638920090
;;;Increase Parking Revenue;148638920090
;;;Make Your Lot Visible;148638920090
;;;Mobile Pay Parking;148638920090
;;;No Hardware Required;148638920090
;;;Parking Enforcement Services;148638920090
;;;Parking Management Services;148638920090
;;;Parking Payment Solutions;148638920090
;;;Parking Permit Solutions;148638920090
;;;Reduce Lot Operational Costs;148638920090
;;;Reduce Violator Rates;148638920090
;;;{KeyWord:Parking Management};148638920090
;Kaya_Parking Solutions;descriptions;AirGarage maintains operational efficiency with enhanced enforcement.;148638920130
;;;Reduce operational costs and increase revenue from your parking facility with AirGarage.;148638920130
;;;The only parking management platform that has a network of over 1.5m drivers.;148638920130
;;;We make it easy to optimize your parking facility revenue.;148638920130
;;headlines;15% Parking Revenue Increase;148638920130
;;;Automated Parking Operations;148638920130
;;;Improve Safety & Security;148638920130
;;;Increase Net Parking Income;148638920130
;;;Increase Parking Revenue;148638920130
;;;Make Your Lot Visible;148638920130
;;;Mobile Pay Parking;148638920130
;;;No Hardware Required;148638920130
;;;Parking Enforcement Services;148638920130
;;;Parking Management Services;148638920130
;;;Parking Payment Solutions;148638920130
;;;Parking Permit Solutions;148638920130
;;;Reduce Lot Operational Costs;148638920130
;;;Reduce Violator Rates;148638920130
;;;{KeyWord:Parking Management};148638920130
Kaya_SEM_B2B_Technical_Generic_Phrase_Sep;Kaya_Parking Equipment;descriptions;AirGarage maintains operational efficiency with enhanced enforcement.;153827806936
;;;Reduce operational costs and increase revenue from your parking facility with AirGarage.;153827806936
;;;The only parking management platform that has a network of over 1.5m drivers.;153827806936
;;;We make it easy to optimize your parking facility revenue.;153827806936
;;headlines;15% Parking Revenue Increase;153827806936
;;;Automated Parking Operations;153827806936
;;;Gateless Parking System;153827806936
;;;Get a Custom Proposal;153827806936
;;;Improve Safety & Security;153827806936
;;;Increase Net Parking Income;153827806936
;;;Make Your Lot Visible;153827806936
;;;No Hardware Required;153827806936
;;;No Maintenance Downtime;153827806936
;;;Parking Gate Alternative;153827806936
;;;Parking Management Services;153827806936
;;;Parking Permit Solutions;153827806936
;;;Recover Lost Revenue;153827806936
;;;Reduce Lot Operational Costs;153827806936
;;;Reduce Violator Rates;153827806936
;Kaya_Parking Payment;descriptions;AirGarage maintains operational efficiency with enhanced enforcement.;153827806736
;;;Reduce operational costs and increase revenue from your parking facility with AirGarage.;153827806736
;;;The only parking management platform that has a network of over 1.5m drivers.;153827806736
;;;We make it easy to optimize your parking facility revenue.;153827806736
;;headlines;15% Parking Revenue Increase;153827806736
;;;Automated Parking Operations;153827806736
;;;Get a Custom Proposal;153827806736
;;;Improve Safety & Security;153827806736
;;;Increase Net Parking Income;153827806736
;;;Increase Parking Revenue;153827806736
;;;Make Your Lot Visible;153827806736
;;;Mobile Pay Parking;153827806736
;;;No Hardware Required;153827806736
;;;Parking Enforcement Services;153827806736
;;;Parking Management Services;153827806736
;;;Parking Payment Solutions;153827806736
;;;Parking Permit Solutions;153827806736
;;;Reduce Lot Operational Costs;153827806736
;;;Reduce Violator Rates;153827806736
