keyword,avg_monthly_searches,competition,competition_index,low_top_of_page_bid,high_top_of_page_bid,geo
slack pomodoro,10,2,0,0.0,0.0,AU
slack survey bot,10,0,0,0.0,0.0,AU
slack workflow bot,10,2,0,0.0,0.0,AU
daily standup template,20,2,21,0.846889,3.094997,AU
ms teams pomodoro,0,0,0,0.0,0.0,AU
google chat pomodoro,0,0,0,0.0,0.0,AU
slack productivity bot,0,0,0,0.0,0.0,AU
slack poll bot,0,0,0,0.0,0.0,AU
ms teams productivity bot,0,0,0,0.0,0.0,AU
ms teams survey bot,0,0,0,0.0,0.0,AU
ms teams poll bot,0,0,0,0.0,0.0,AU
ms teams workflow bot,0,0,0,0.0,0.0,AU
google chat productivity bot,0,0,0,0.0,0.0,AU
google chat survey bot,0,0,0,0.0,0.0,AU
google chat poll bot,0,0,0,0.0,0.0,AU
google chat workflow bot,0,0,0,0.0,0.0,AU
slack pomodoro,10,2,11,0.0,0.0,BR
slack survey bot,10,0,0,0.0,0.0,BR
slack workflow bot,10,0,0,0.0,0.0,BR
daily standup template,10,0,0,0.0,0.0,BR
ms teams pomodoro,0,0,0,0.0,0.0,BR
google chat pomodoro,0,0,0,0.0,0.0,BR
slack productivity bot,0,0,0,0.0,0.0,BR
slack poll bot,0,0,0,0.0,0.0,BR
ms teams productivity bot,0,0,0,0.0,0.0,BR
ms teams survey bot,0,0,0,0.0,0.0,BR
ms teams poll bot,0,0,0,0.0,0.0,BR
ms teams workflow bot,0,0,0,0.0,0.0,BR
google chat productivity bot,0,0,0,0.0,0.0,BR
google chat survey bot,0,0,0,0.0,0.0,BR
google chat poll bot,0,0,0,0.0,0.0,BR
google chat workflow bot,0,0,0,0.0,0.0,BR
slack pomodoro,10,2,0,0.0,0.0,CA
slack survey bot,10,3,52,1.182172,4.388429,CA
slack workflow bot,10,2,0,0.0,0.0,CA
daily standup template,20,2,20,0.88243,2.402087,CA
ms teams pomodoro,0,0,0,0.0,0.0,CA
google chat pomodoro,0,0,0,0.0,0.0,CA
slack productivity bot,0,0,0,0.0,0.0,CA
slack poll bot,0,0,0,0.0,0.0,CA
ms teams productivity bot,0,0,0,0.0,0.0,CA
ms teams survey bot,0,0,0,0.0,0.0,CA
ms teams poll bot,0,0,0,0.0,0.0,CA
ms teams workflow bot,0,0,0,0.0,0.0,CA
google chat productivity bot,0,0,0,0.0,0.0,CA
google chat survey bot,0,0,0,0.0,0.0,CA
google chat poll bot,0,0,0,0.0,0.0,CA
google chat workflow bot,0,0,0,0.0,0.0,CA
slack pomodoro,10,0,0,0.0,0.0,MX
slack survey bot,10,0,0,0.0,0.0,MX
slack workflow bot,0,0,0,0.0,0.0,MX
daily standup template,10,3,43,0.0,0.0,MX
ms teams pomodoro,0,0,0,0.0,0.0,MX
google chat pomodoro,0,0,0,0.0,0.0,MX
slack productivity bot,0,0,0,0.0,0.0,MX
slack poll bot,0,0,0,0.0,0.0,MX
ms teams productivity bot,0,0,0,0.0,0.0,MX
ms teams survey bot,0,0,0,0.0,0.0,MX
ms teams poll bot,0,0,0,0.0,0.0,MX
ms teams workflow bot,0,0,0,0.0,0.0,MX
google chat productivity bot,0,0,0,0.0,0.0,MX
google chat survey bot,0,0,0,0.0,0.0,MX
google chat poll bot,0,0,0,0.0,0.0,MX
google chat workflow bot,0,0,0,0.0,0.0,MX
slack pomodoro,10,0,0,0.0,0.0,SG
slack survey bot,10,0,0,0.0,0.0,SG
slack workflow bot,10,0,0,0.0,0.0,SG
daily standup template,10,2,22,0.272195,1.509003,SG
ms teams pomodoro,0,0,0,0.0,0.0,SG
google chat pomodoro,0,0,0,0.0,0.0,SG
slack productivity bot,0,0,0,0.0,0.0,SG
slack poll bot,0,0,0,0.0,0.0,SG
ms teams productivity bot,0,0,0,0.0,0.0,SG
ms teams survey bot,0,0,0,0.0,0.0,SG
ms teams poll bot,0,0,0,0.0,0.0,SG
ms teams workflow bot,0,0,0,0.0,0.0,SG
google chat productivity bot,0,0,0,0.0,0.0,SG
google chat survey bot,0,0,0,0.0,0.0,SG
google chat poll bot,0,0,0,0.0,0.0,SG
google chat workflow bot,0,0,0,0.0,0.0,SG
slack pomodoro,10,2,0,0.0,0.0,GB
slack survey bot,10,3,43,0.0,0.0,GB
slack workflow bot,10,2,0,0.0,0.0,GB
daily standup template,40,2,18,0.734987,2.436733,GB
ms teams pomodoro,0,0,0,0.0,0.0,GB
google chat pomodoro,0,0,0,0.0,0.0,GB
slack productivity bot,0,0,0,0.0,0.0,GB
slack poll bot,0,0,0,0.0,0.0,GB
ms teams productivity bot,0,0,0,0.0,0.0,GB
ms teams survey bot,0,0,0,0.0,0.0,GB
ms teams poll bot,0,0,0,0.0,0.0,GB
ms teams workflow bot,0,0,0,0.0,0.0,GB
google chat productivity bot,0,0,0,0.0,0.0,GB
google chat survey bot,0,0,0,0.0,0.0,GB
google chat poll bot,0,0,0,0.0,0.0,GB
google chat workflow bot,0,0,0,0.0,0.0,GB
slack pomodoro,30,2,0,0.0,0.0,US
slack survey bot,10,2,19,0.0,0.0,US
slack workflow bot,10,2,12,0.0,0.0,US
daily standup template,140,2,16,1.493605,5.543279,US
ms teams pomodoro,0,0,0,0.0,0.0,US
google chat pomodoro,0,0,0,0.0,0.0,US
slack productivity bot,0,0,0,0.0,0.0,US
slack poll bot,0,0,0,0.0,0.0,US
ms teams productivity bot,0,0,0,0.0,0.0,US
ms teams survey bot,0,0,0,0.0,0.0,US
ms teams poll bot,0,0,0,0.0,0.0,US
ms teams workflow bot,0,0,0,0.0,0.0,US
google chat productivity bot,0,0,0,0.0,0.0,US
google chat survey bot,0,0,0,0.0,0.0,US
google chat poll bot,0,0,0,0.0,0.0,US
google chat workflow bot,0,0,0,0.0,0.0,US
